frame,strain,mode,r_mid_A,CN_sum_r,P_sum_r,g_r_RDF_like,composition
35,,Omega_center__Twin_target,0.25,0.0,0.0,0.0,Ti20Nb
35,,Omega_center__Twin_target,0.75,0.0,0.0,0.0,Ti20Nb
35,,Omega_center__Twin_target,1.25,0.0,0.0,0.0,Ti20Nb
35,,Omega_center__Twin_target,1.75,0.0,0.0,0.0,Ti20Nb
35,,Omega_center__Twin_target,2.25,0.0113862932090609,0.0,0.0434360234928291,Ti20Nb
35,,Omega_center__Twin_target,2.75,3.0712724302769705,0.4842297436882942,7.824586660720344,Ti20Nb
35,,Omega_center__Twin_target,3.25,4.715751038939201,0.8036464964327752,3.0131589267516867,Ti20Nb
35,,Omega_center__Twin_target,3.75,5.570203463931394,0.8111652934252565,1.1765183718327707,Ti20Nb
35,,Omega_center__Twin_target,4.25,6.545268923106488,0.8292296235797161,1.0456144335437512,Ti20Nb
35,,Omega_center__Twin_target,4.75,9.01496552883807,0.8562060102332508,2.1206639084076544,Ti20Nb
35,,Omega_center__Twin_target,5.25,13.688798674001298,0.8899084772634461,3.285812228375125,Ti20Nb
35,,Omega_center__Twin_target,5.75,17.155780825866582,0.911287804174974,2.032163423575672,Ti20Nb
35,,Omega_center__Twin_target,6.25,19.100843162218645,0.9196713829301688,0.965068661001098,Ti20Nb
35,,Omega_center__Twin_target,6.75,21.95046722236902,0.9255807249753776,1.2122655786141308,Ti20Nb
35,,Omega_center__Twin_target,7.25,28.2698839751135,0.9398736457757813,2.3304788672230328,Ti20Nb
35,,Omega_center__Twin_target,7.75,33.7867352086286,0.9495784188906772,1.7805473998097607,Ti20Nb
35,,Omega_center__Twin_target,8.25,38.756948281246245,0.9556078695140406,1.415632361081793,Ti20Nb
35,,Omega_center__Twin_target,8.75,43.34082010137164,0.9608446035215836,1.1606853013316332,Ti20Nb
35,,Omega_center__Twin_target,9.25,48.86891349780201,0.9649282951788416,1.2525713081673675,Ti20Nb
35,,Omega_center__Twin_target,9.75,58.12296716231473,0.9713180715366692,1.8873128655386475,Ti20Nb
35,,Twin_center__Omega_target,0.25,0.0,0.0,0.0,Ti20Nb
35,,Twin_center__Omega_target,0.75,0.0,0.0,0.0,Ti20Nb
35,,Twin_center__Omega_target,1.25,0.0,0.0,0.0,Ti20Nb
35,,Twin_center__Omega_target,1.75,0.0,0.0,0.0,Ti20Nb
35,,Twin_center__Omega_target,2.25,0.0075368494697174,0.0,0.0434360234928291,Ti20Nb
35,,Twin_center__Omega_target,2.75,2.032945890508976,0.3712295876993528,7.824586660720344,Ti20Nb
35,,Twin_center__Omega_target,3.25,3.121464120462387,0.8375920242960042,3.0131589267516867,Ti20Nb
35,,Twin_center__Omega_target,3.75,3.687045841217344,0.8609816984942201,1.1765183718327707,Ti20Nb
35,,Twin_center__Omega_target,4.25,4.332464104561861,0.8802531363788142,1.0456144335437512,Ti20Nb
35,,Twin_center__Omega_target,4.75,5.967213114754099,0.919622839515988,2.1206639084076544,Ti20Nb
35,,Twin_center__Omega_target,5.25,9.060930816810036,0.9640012084399994,3.285812228375125,Ti20Nb
35,,Twin_center__Omega_target,5.75,11.355806077181157,0.9829069342195228,2.032163423575672,Ti20Nb
35,,Twin_center__Omega_target,6.25,12.643287592819322,0.9886947257954238,0.965068661001098,Ti20Nb
35,,Twin_center__Omega_target,6.75,14.529519327089726,0.9922246426356712,1.2122655786141308,Ti20Nb
35,,Twin_center__Omega_target,7.25,18.71248668330922,0.9969948005278976,2.3304788672230328,Ti20Nb
35,,Twin_center__Omega_target,7.75,22.36421745559778,0.9987597589480212,1.7805473998097607,Ti20Nb
35,,Twin_center__Omega_target,8.25,25.654115851234675,0.9994911831581624,1.415632361081793,Ti20Nb
35,,Twin_center__Omega_target,8.75,28.68828608226932,0.9997455915790812,1.1606853013316332,Ti20Nb
35,,Twin_center__Omega_target,9.25,32.34745830086976,0.9999045968421556,1.2525713081673675,Ti20Nb
35,,Twin_center__Omega_target,9.75,38.47292935396162,0.9999840994736926,1.8873128655386475,Ti20Nb
36,,Omega_center__Twin_target,0.25,0.0,0.0,0.0,Ti20Nb
36,,Omega_center__Twin_target,0.75,0.0,0.0,0.0,Ti20Nb
36,,Omega_center__Twin_target,1.25,0.0,0.0,0.0,Ti20Nb
36,,Omega_center__Twin_target,1.75,0.0,0.0,0.0,Ti20Nb
36,,Omega_center__Twin_target,2.25,0.0102449494390724,0.0,0.0392271214557423,Ti20Nb
36,,Omega_center__Twin_target,2.75,3.1549797535016486,0.4895669683358042,8.0714040912989,Ti20Nb
36,,Omega_center__Twin_target,3.25,4.801009005819485,0.8008098599340606,3.0271942078577654,Ti20Nb
36,,Omega_center__Twin_target,3.75,5.716947314849645,0.808864204633461,1.2658608687601958,Ti20Nb
36,,Omega_center__Twin_target,4.25,6.71159250326378,0.8253048038413029,1.0705696024721725,Ti20Nb
36,,Omega_center__Twin_target,4.75,9.196158697143362,0.8503971854048193,2.1413503884671607,Ti20Nb
36,,Omega_center__Twin_target,5.25,14.037417299139248,0.8825703095612152,3.41614851882719,Ti20Nb
36,,Omega_center__Twin_target,5.75,17.554311508419445,0.903414245569004,2.0690703324627395,Ti20Nb
36,,Omega_center__Twin_target,6.25,19.517580156218884,0.9120217732834732,0.9777174000801953,Ti20Nb
36,,Omega_center__Twin_target,6.75,22.436018852477154,0.9181952957316398,1.2461482286648795,Ti20Nb
36,,Omega_center__Twin_target,7.25,28.89080167282544,0.9322682716349876,2.3892342452260977,Ti20Nb
36,,Omega_center__Twin_target,7.75,34.54298232027084,0.9426017303564712,1.8309952799224023,Ti20Nb
36,,Omega_center__Twin_target,8.25,39.499258734759806,0.9485097249574048,1.416902342957211,Ti20Nb
36,,Omega_center__Twin_target,8.75,44.19551700484588,0.9545062288407496,1.1935563212313014,Ti20Nb
36,,Omega_center__Twin_target,9.25,49.83756333945522,0.9598167857854092,1.2831359135108142,Ti20Nb
36,,Omega_center__Twin_target,9.75,59.3244750293187,0.9663222180426172,1.9419840974209883,Ti20Nb
36,,Twin_center__Omega_target,0.25,0.0,0.0,0.0,Ti20Nb
36,,Twin_center__Omega_target,0.75,0.0,0.0,0.0,Ti20Nb
36,,Twin_center__Omega_target,1.25,0.0,0.0,0.0,Ti20Nb
36,,Twin_center__Omega_target,1.75,0.0,0.0,0.0,Ti20Nb
36,,Twin_center__Omega_target,2.25,0.0073928594238998,0.0,0.0392271214557423,Ti20Nb
36,,Twin_center__Omega_target,2.75,2.276665389282749,0.3994539183751676,8.071404091298902,Ti20Nb
36,,Twin_center__Omega_target,3.25,3.464456792488982,0.8622181771731494,3.027194207857766,Ti20Nb
36,,Twin_center__Omega_target,3.75,4.125407166123779,0.8829916331353388,1.265860868760196,Ti20Nb
36,,Twin_center__Omega_target,4.25,4.843153222200932,0.90041195631347,1.0705696024721727,Ti20Nb
36,,Twin_center__Omega_target,4.75,6.636041387238935,0.9352206680717888,2.141350388467161,Ti20Nb
36,,Twin_center__Omega_target,5.25,10.12954269655745,0.9722648016861468,3.4161485188271903,Ti20Nb
36,,Twin_center__Omega_target,5.75,12.66736922782142,0.9868748802452576,2.06907033246274,Ti20Nb
36,,Twin_center__Omega_target,6.25,14.084083796385004,0.99120201826659,0.9777174000801954,Ti20Nb
36,,Twin_center__Omega_target,6.75,16.190058759660214,0.9939803282876668,1.24614822866488,Ti20Nb
36,,Twin_center__Omega_target,7.25,20.847895509995528,0.9975250686593856,2.389234245226098,Ti20Nb
36,,Twin_center__Omega_target,7.75,24.926566392029123,0.9989621255668392,1.8309952799224027,Ti20Nb
36,,Twin_center__Omega_target,8.25,28.503065721402567,0.999568882927764,1.4169023429572112,Ti20Nb
36,,Twin_center__Omega_target,8.75,31.89193332055949,0.9996966213195376,1.1935563212313016,Ti20Nb
36,,Twin_center__Omega_target,9.25,35.96329117966405,0.999888228907198,1.2831359135108142,Ti20Nb
36,,Twin_center__Omega_target,9.75,42.8091428753912,0.9999361308041133,1.9419840974209888,Ti20Nb
37,,Omega_center__Twin_target,0.25,0.0,0.0,0.0,Ti20Nb
37,,Omega_center__Twin_target,0.75,0.0,0.0,0.0,Ti20Nb
37,,Omega_center__Twin_target,1.25,0.0,0.0,0.0,Ti20Nb
37,,Omega_center__Twin_target,1.75,0.0,0.0,0.0,Ti20Nb
37,,Omega_center__Twin_target,2.25,0.0102367105178444,0.0,0.0400298521059676,Ti20Nb
37,,Omega_center__Twin_target,2.75,3.153099984977574,0.4905251411035045,8.238297939366914,Ti20Nb
37,,Omega_center__Twin_target,3.25,4.838315771401592,0.7995793720625791,3.165229438499581,Ti20Nb
37,,Omega_center__Twin_target,3.75,5.765714530978389,0.8076056398480589,1.3089805833221,Ti20Nb
37,,Omega_center__Twin_target,4.25,6.759877245316222,0.8232504238470287,1.092826293629984,Ti20Nb
37,,Omega_center__Twin_target,4.75,9.227954589351246,0.8495396699358327,2.17241540090089,Ti20Nb
37,,Omega_center__Twin_target,5.25,14.128270060304311,0.8820739532587935,3.5314205870177764,Ti20Nb
37,,Omega_center__Twin_target,5.75,17.627143378329077,0.9043500654548576,2.102282669633569,Ti20Nb
37,,Omega_center__Twin_target,6.25,19.58209755992875,0.9128913878575874,0.9942993122133288,Ti20Nb
37,,Omega_center__Twin_target,6.75,22.4724338476726,0.9189647402193274,1.2604175671396622,Ti20Nb
37,,Omega_center__Twin_target,7.25,28.88349035345623,0.9344592999549328,2.423559262766928,Ti20Nb
37,,Omega_center__Twin_target,7.75,34.49846556645278,0.9439663497650064,1.857658919525078,Ti20Nb
37,,Omega_center__Twin_target,8.25,39.37665514947314,0.949932399081486,1.424262423484393,Ti20Nb
37,,Omega_center__Twin_target,8.75,44.00701761916003,0.9546751936819968,1.2018572190955366,Ti20Nb
37,,Omega_center__Twin_target,9.25,49.49144794729274,0.9592033821919866,1.2738388165532908,Ti20Nb
37,,Omega_center__Twin_target,9.75,58.81209090713995,0.9663497650063309,1.9485592954075464,Ti20Nb
37,,Twin_center__Omega_target,0.25,0.0,0.0,0.0,Ti20Nb
37,,Twin_center__Omega_target,0.75,0.0,0.0,0.0,Ti20Nb
37,,Twin_center__Omega_target,1.25,0.0,0.0,0.0,Ti20Nb
37,,Twin_center__Omega_target,1.75,0.0,0.0,0.0,Ti20Nb
37,,Twin_center__Omega_target,2.25,0.0077782307378719,0.0,0.0400298521059676,Ti20Nb
37,,Twin_center__Omega_target,2.75,2.3958418263351,0.4185731757032205,8.238297939366916,Ti20Nb
37,,Twin_center__Omega_target,3.25,3.6763310232368527,0.8770322054626988,3.1652294384995816,Ti20Nb
37,,Twin_center__Omega_target,3.75,4.381002853648593,0.8963880962087241,1.3089805833221,Ti20Nb
37,,Twin_center__Omega_target,4.25,5.136404402772116,0.9122380758255196,1.0928262936299842,Ti20Nb
37,,Twin_center__Omega_target,4.75,7.011740725642071,0.943758662861802,2.1724154009008902,Ti20Nb
37,,Twin_center__Omega_target,5.25,10.735181410517733,0.9756706074194864,3.5314205870177773,Ti20Nb
37,,Twin_center__Omega_target,5.75,13.393754586220954,0.9889930697105584,2.1022826696335697,Ti20Nb
37,,Twin_center__Omega_target,6.25,14.879200978393804,0.992906644924582,0.9942993122133292,Ti20Nb
37,,Twin_center__Omega_target,6.75,17.07538524256013,0.994863432531594,1.2604175671396625,Ti20Nb
37,,Twin_center__Omega_target,7.25,21.946742763962494,0.9976681614349776,2.423559262766928,Ti20Nb
37,,Twin_center__Omega_target,7.75,26.21320831634733,0.999233591520587,1.857658919525078,Ti20Nb
37,,Twin_center__Omega_target,8.25,29.91983693436608,0.9996575621687728,1.424262423484393,Ti20Nb
37,,Twin_center__Omega_target,8.75,33.43815735833673,0.9997717081125151,1.2018572190955368,Ti20Nb
37,,Twin_center__Omega_target,9.25,37.605430085609456,0.9998858540562576,1.273838816553291,Ti20Nb
37,,Twin_center__Omega_target,9.75,44.68759885854056,0.9999836934366082,1.948559295407547,Ti20Nb
38,,Omega_center__Twin_target,0.25,0.0,0.0,0.0,Ti20Nb
38,,Omega_center__Twin_target,0.75,0.0,0.0,0.0,Ti20Nb
38,,Omega_center__Twin_target,1.25,0.0,0.0,0.0,Ti20Nb
38,,Omega_center__Twin_target,1.75,0.0,0.0,0.0,Ti20Nb
38,,Omega_center__Twin_target,2.25,0.0103215733894225,0.0,0.0413715147978521,Ti20Nb
38,,Omega_center__Twin_target,2.75,3.099963137237895,0.4870438233189496,8.301413737286216,Ti20Nb
38,,Omega_center__Twin_target,3.25,4.751284775679251,0.7974499642214368,3.1791667209166548,Ti20Nb
38,,Omega_center__Twin_target,3.75,5.656872736734827,0.8042587332220222,1.3101749406129068,Ti20Nb
38,,Omega_center__Twin_target,4.25,6.650367543422165,0.8208686601470173,1.1194152529052075,Ti20Nb
38,,Omega_center__Twin_target,4.75,9.053732896762584,0.8470629052193335,2.1683823224147973,Ti20Nb
38,,Omega_center__Twin_target,5.25,13.840340872129584,0.8813235899993495,3.535779871377552,Ti20Nb
38,,Omega_center__Twin_target,5.75,17.260749831949173,0.9031593555521824,2.106555382461965,Ti20Nb
38,,Omega_center__Twin_target,6.25,19.190580480083263,0.9115076869700978,1.006078132056109,Ti20Nb
38,,Omega_center__Twin_target,6.75,22.036819394149664,0.917861092438797,1.2722409743533505,Ti20Nb
38,,Omega_center__Twin_target,7.25,28.25465663421298,0.9328664050133356,2.4093247567570653,Ti20Nb
38,,Omega_center__Twin_target,7.75,33.78658629138929,0.9434048181798468,1.875973663793575,Ti20Nb
38,,Omega_center__Twin_target,8.25,38.53006483509335,0.9494546479606218,1.4195811919398007,Ti20Nb
38,,Omega_center__Twin_target,8.75,43.06756727454084,0.954138387145738,1.207220809367371,Ti20Nb
38,,Omega_center__Twin_target,9.25,48.49352733265391,0.9589739141748164,1.2917887609285763,Ti20Nb
38,,Omega_center__Twin_target,9.75,57.5321464969534,0.9651104798664268,1.936875904878741,Ti20Nb
38,,Twin_center__Omega_target,0.25,0.0,0.0,0.0,Ti20Nb
38,,Twin_center__Omega_target,0.75,0.0,0.0,0.0,Ti20Nb
38,,Twin_center__Omega_target,1.25,0.0,0.0,0.0,Ti20Nb
38,,Twin_center__Omega_target,1.75,0.0,0.0,0.0,Ti20Nb
38,,Twin_center__Omega_target,2.25,0.0079544125265286,0.0,0.0413715147978521,Ti20Nb
38,,Twin_center__Omega_target,2.75,2.3890142210190337,0.4223358566868869,8.301413737286216,Ti20Nb
38,,Twin_center__Omega_target,3.25,3.6616199595594994,0.8852960344914023,3.1791667209166548,Ti20Nb
38,,Twin_center__Omega_target,3.75,4.359519393058271,0.90486455774469,1.3101749406129068,Ti20Nb
38,,Twin_center__Omega_target,4.25,5.125165020638024,0.920004679066192,1.1194152529052075,Ti20Nb
38,,Twin_center__Omega_target,4.75,6.977339950869805,0.9505690078708576,2.1683823224147973,Ti20Nb
38,,Twin_center__Omega_target,5.25,10.666182049096774,0.9794121087548672,3.535779871377552,Ti20Nb
38,,Twin_center__Omega_target,5.75,13.302150699353286,0.9908758209254525,2.106555382461965,Ti20Nb
38,,Twin_center__Omega_target,6.25,14.789391888504538,0.9943516986681372,1.006078132056109,Ti20Nb
38,,Twin_center__Omega_target,6.75,16.982871275546866,0.9959225280326198,1.2722409743533505,Ti20Nb
38,,Twin_center__Omega_target,7.25,21.77470296285156,0.9984960144382614,2.4093247567570653,Ti20Nb
38,,Twin_center__Omega_target,7.75,26.037933858057183,0.9994819605287344,1.875973663793575,Ti20Nb
38,,Twin_center__Omega_target,8.25,29.69353787536973,0.9997493357397104,1.4195811919398007,Ti20Nb
38,,Twin_center__Omega_target,8.75,33.19040457211611,0.999899734295884,1.207220809367371,Ti20Nb
38,,Twin_center__Omega_target,9.25,37.37196905131933,0.999949867147942,1.2917887609285763,Ti20Nb
38,,Twin_center__Omega_target,9.75,44.337661469561006,0.999983289049314,1.936875904878741,Ti20Nb
39,,Omega_center__Twin_target,0.25,0.0,0.0,0.0,Ti20Nb
39,,Omega_center__Twin_target,0.75,0.0,0.0,0.0,Ti20Nb
39,,Omega_center__Twin_target,1.25,0.0,0.0,0.0,Ti20Nb
39,,Omega_center__Twin_target,1.75,0.0,0.0,0.0,Ti20Nb
39,,Omega_center__Twin_target,2.25,0.0109961470193514,0.0,0.0441826492454256,Ti20Nb
39,,Omega_center__Twin_target,2.75,3.1397463093640416,0.4971860253690636,8.426952447027158,Ti20Nb
39,,Omega_center__Twin_target,3.25,4.7784969046279056,0.8025455647430625,3.1626431491696634,Ti20Nb
39,,Omega_center__Twin_target,3.75,5.70665396770423,0.8098618987834971,1.3460953365870465,Ti20Nb
39,,Omega_center__Twin_target,4.25,6.711026451361531,0.8268106844452141,1.1344258719860378,Ti20Nb
39,,Omega_center__Twin_target,4.75,9.111693146889476,0.8529806485129227,2.1712189813900404,Ti20Nb
39,,Omega_center__Twin_target,5.25,13.937464825317113,0.8861422572405732,3.573385138871062,Ti20Nb
39,,Omega_center__Twin_target,5.75,17.350621239014675,0.9078098618987837,2.107204740552897,Ti20Nb
39,,Omega_center__Twin_target,6.25,19.307805532707043,0.9160353262045976,1.022821691099537,Ti20Nb
39,,Omega_center__Twin_target,6.75,22.19689164033075,0.9229403870297416,1.2945362315637372,Ti20Nb
39,,Omega_center__Twin_target,7.25,28.39025498939348,0.9375730551106108,2.405682178237821,Ti20Nb
39,,Omega_center__Twin_target,7.75,33.94081994891554,0.9463829603013116,1.8868743264447212,Ti20Nb
39,,Omega_center__Twin_target,8.25,38.68654487207238,0.951945971687086,1.4237100653422996,Ti20Nb
39,,Omega_center__Twin_target,8.75,43.26336637949695,0.9570544179401704,1.220645388139327,Ti20Nb
39,,Omega_center__Twin_target,9.25,48.76169964067709,0.9620113424823584,1.312204933542144,Ti20Nb
39,,Omega_center__Twin_target,9.75,57.804277241439024,0.9684401922161132,1.9424401683791457,Ti20Nb
39,,Twin_center__Omega_target,0.25,0.0,0.0,0.0,Ti20Nb
39,,Twin_center__Omega_target,0.75,0.0,0.0,0.0,Ti20Nb
39,,Twin_center__Omega_target,1.25,0.0,0.0,0.0,Ti20Nb
39,,Twin_center__Omega_target,1.75,0.0,0.0,0.0,Ti20Nb
39,,Twin_center__Omega_target,2.25,0.0085086426370092,0.0,0.0441826492454256,Ti20Nb
39,,Twin_center__Omega_target,2.75,2.4294854616106125,0.4339575237840011,8.426952447027158,Ti20Nb
39,,Twin_center__Omega_target,3.25,3.697524453972933,0.8919167894948412,3.1626431491696634,Ti20Nb
39,,Twin_center__Omega_target,3.75,4.4157175398633255,0.9109774889454644,1.3460953365870465,Ti20Nb
39,,Twin_center__Omega_target,4.25,5.192884898834249,0.9255493769261692,1.1344258719860378,Ti20Nb
39,,Twin_center__Omega_target,4.75,7.050482379740051,0.9538556880611014,2.1712189813900404,Ti20Nb
39,,Twin_center__Omega_target,5.25,10.784587297333513,0.98082205547367,3.573385138871062,Ti20Nb
39,,Twin_center__Omega_target,5.75,13.425633123408817,0.9915416052525794,2.107204740552897,Ti20Nb
39,,Twin_center__Omega_target,6.25,14.940071017017283,0.9944057349591318,1.022821691099537,Ti20Nb
39,,Twin_center__Omega_target,6.75,17.175599624815757,0.9958796730537316,1.2945362315637372,Ti20Nb
39,,Twin_center__Omega_target,7.25,21.96792509714592,0.9980403323060432,2.405682178237821,Ti20Nb
39,,Twin_center__Omega_target,7.75,26.26286345973469,0.9989112957255796,1.8868743264447212,Ti20Nb
39,,Twin_center__Omega_target,8.25,29.93502947876189,0.999413774621466,1.4237100653422996,Ti20Nb
39,,Twin_center__Omega_target,8.75,33.47650073696905,0.9996482647728796,1.220645388139327,Ti20Nb
39,,Twin_center__Omega_target,9.25,37.731023047032025,0.999782259145116,1.312204933542144,Ti20Nb
39,,Twin_center__Omega_target,9.75,44.72802492295324,0.999933002813882,1.9424401683791457,Ti20Nb
40,,Omega_center__Twin_target,0.25,0.0,0.0,0.0,Ti20Nb
40,,Omega_center__Twin_target,0.75,0.0,0.0,0.0,Ti20Nb
40,,Omega_center__Twin_target,1.25,0.0,0.0,0.0,Ti20Nb
40,,Omega_center__Twin_target,1.75,0.0,0.0,0.0,Ti20Nb
40,,Omega_center__Twin_target,2.25,0.0109699518709621,0.0,0.0450488241165795,Ti20Nb
40,,Omega_center__Twin_target,2.75,3.0832935871309024,0.4847808177600485,8.457346842554713,Ti20Nb
40,,Omega_center__Twin_target,3.25,4.710206824784287,0.7961236612756363,3.208996504917514,Ti20Nb
40,,Omega_center__Twin_target,3.75,5.620084117417509,0.8045354030264926,1.3486668856593351,Ti20Nb
40,,Omega_center__Twin_target,4.25,6.615943285782422,0.8210553700732776,1.1496000244394458,Ti20Nb
40,,Omega_center__Twin_target,4.75,8.984672419026145,0.8491306421540996,2.189549070939329,Ti20Nb
40,,Omega_center__Twin_target,5.25,13.757945627195074,0.8829727268785501,3.612408630614672,Ti20Nb
40,,Omega_center__Twin_target,5.75,17.15357932619347,0.905324545809305,2.142589145216385,Ti20Nb
40,,Omega_center__Twin_target,6.25,19.087694575727355,0.9154273078090448,1.0330422372917618,Ti20Nb
40,,Omega_center__Twin_target,6.75,21.94707973810866,0.9216493951350648,1.3094650307224411,Ti20Nb
40,,Omega_center__Twin_target,7.25,28.07407969474917,0.9365000216797468,2.432355728443665,Ti20Nb
40,,Omega_center__Twin_target,7.75,33.58903872002775,0.9460174305164116,1.9160886464783744,Ti20Nb
40,,Omega_center__Twin_target,8.25,38.245241295581664,0.9515024064518928,1.4276389307335902,Ti20Nb
40,,Omega_center__Twin_target,8.75,42.78511034991112,0.9560117937822488,1.2374748670800106,Ti20Nb
40,,Omega_center__Twin_target,9.25,48.23236352599402,0.9608246975675324,1.328665594943326,Ti20Nb
40,,Omega_center__Twin_target,9.75,57.1499804882279,0.9676754975501888,1.957815407345539,Ti20Nb
40,,Twin_center__Omega_target,0.25,0.0,0.0,0.0,Ti20Nb
40,,Twin_center__Omega_target,0.75,0.0,0.0,0.0,Ti20Nb
40,,Twin_center__Omega_target,1.25,0.0,0.0,0.0,Ti20Nb
40,,Twin_center__Omega_target,1.75,0.0,0.0,0.0,Ti20Nb
40,,Twin_center__Omega_target,2.25,0.008660083177874,0.0,0.0450488241165795,Ti20Nb
40,,Twin_center__Omega_target,2.75,2.434065275804823,0.4299063821047767,8.457346842554713,Ti20Nb
40,,Twin_center__Omega_target,3.25,3.7184103784079823,0.8905851546321176,3.208996504917514,Ti20Nb
40,,Twin_center__Omega_target,3.75,4.436700953293741,0.9090177822656558,1.3486668856593351,Ti20Nb
40,,Twin_center__Omega_target,4.25,5.222868780913587,0.9241643704324908,1.1496000244394458,Ti20Nb
40,,Twin_center__Omega_target,4.75,7.092830614934365,0.9533279706994814,2.189549070939329,Ti20Nb
40,,Twin_center__Omega_target,5.25,10.861027914220678,0.9819952420886888,3.612408630614672,Ti20Nb
40,,Twin_center__Omega_target,5.75,13.541665953550464,0.9920073935888,2.142589145216385,Ti20Nb
40,,Twin_center__Omega_target,6.25,15.068527614711872,0.9944548083999384,1.0330422372917618,Ti20Nb
40,,Twin_center__Omega_target,6.75,17.32583135087029,0.9961320577110682,1.3094650307224411,Ti20Nb
40,,Twin_center__Omega_target,7.25,22.162710297968477,0.9985281281555392,2.432355728443665,Ti20Nb
40,,Twin_center__Omega_target,7.75,26.51642163993907,0.9993838675999932,1.9160886464783744,Ti20Nb
40,,Twin_center__Omega_target,8.25,30.19219907922436,0.999743278166664,1.4276389307335902,Ti20Nb
40,,Twin_center__Omega_target,8.75,33.776138561330846,0.9998801964777764,1.2374748670800106,Ti20Nb
40,,Twin_center__Omega_target,9.25,38.07640041760085,0.9999486556333328,1.328665594943326,Ti20Nb
40,,Twin_center__Omega_target,9.75,45.116294990501295,1.0,1.957815407345539,Ti20Nb
35,,Omega_center__Twin_target,0.25,0.0,0.0,0.0,Ti30Nb
35,,Omega_center__Twin_target,0.75,0.0,0.0,0.0,Ti30Nb
35,,Omega_center__Twin_target,1.25,0.0,0.0,0.0,Ti30Nb
35,,Omega_center__Twin_target,1.75,0.0,0.0,0.0,Ti30Nb
35,,Omega_center__Twin_target,2.25,0.0059746835443037,0.0,0.0323436788827885,Ti30Nb
35,,Omega_center__Twin_target,2.75,2.8890632911392404,0.4324050632911392,10.462149988373683,Ti30Nb
35,,Omega_center__Twin_target,3.25,4.56379746835443,0.8372151898734177,4.354582335937138,Ti30Nb
35,,Omega_center__Twin_target,3.75,5.120151898734178,0.8436455696202532,1.0870992356538418,Ti30Nb
35,,Omega_center__Twin_target,4.25,5.922582278481013,0.8551898734177216,1.2211020854096857,Ti30Nb
35,,Omega_center__Twin_target,4.75,8.116,0.8770632911392405,2.6727380799720555,Ti30Nb
35,,Omega_center__Twin_target,5.25,12.188455696202531,0.9063797468354432,4.062868058003879,Ti30Nb
35,,Omega_center__Twin_target,5.75,15.013417721518987,0.924253164556962,2.3497759345590383,Ti30Nb
35,,Omega_center__Twin_target,6.25,16.445113924050634,0.93073417721519,1.0080506976522978,Ti30Nb
35,,Omega_center__Twin_target,6.75,18.46050632911392,0.9357974683544305,1.2166807462783351,Ti30Nb
35,,Omega_center__Twin_target,7.25,23.77392405063291,0.9460759493670886,2.780666756823305,Ti30Nb
35,,Omega_center__Twin_target,7.75,28.184708860759493,0.952506329113924,2.020156195602833,Ti30Nb
35,,Omega_center__Twin_target,8.25,32.19848101265823,0.9566582278481012,1.6223143254173105,Ti30Nb
35,,Omega_center__Twin_target,8.75,35.33777215189873,0.96,1.1280294212493145,Ti30Nb
35,,Omega_center__Twin_target,9.25,39.47974683544304,0.9629367088607594,1.3318071456025091,Ti30Nb
35,,Omega_center__Twin_target,9.75,46.8713417721519,0.9671392405063292,2.139226939642042,Ti30Nb
35,,Twin_center__Omega_target,0.25,0.0,0.0,0.0,Ti30Nb
35,,Twin_center__Omega_target,0.75,0.0,0.0,0.0,Ti30Nb
35,,Twin_center__Omega_target,1.25,0.0,0.0,0.0,Ti30Nb
35,,Twin_center__Omega_target,1.75,0.0,0.0,0.0,Ti30Nb
35,,Twin_center__Omega_target,2.25,0.0026607738793181,0.0,0.0323436788827885,Ti30Nb
35,,Twin_center__Omega_target,2.75,1.2866194642373951,0.2279922431676738,10.462149988373683,Ti30Nb
35,,Twin_center__Omega_target,3.25,2.0324479119689727,0.7704518805808604,4.354582335937138,Ti30Nb
35,,Twin_center__Omega_target,3.75,2.2802155677820872,0.7982096148642555,1.0870992356538418,Ti30Nb
35,,Twin_center__Omega_target,4.25,2.6375710291332197,0.8178271849914314,1.2211020854096857,Ti30Nb
35,,Twin_center__Omega_target,4.75,3.614390727879498,0.8726661856228015,2.6727380799720555,Ti30Nb
35,,Twin_center__Omega_target,5.25,5.428023811671327,0.9359610354469198,4.062868058003879,Ti30Nb
35,,Twin_center__Omega_target,5.75,6.686096329034004,0.9668079733020656,2.3497759345590383,Ti30Nb
35,,Twin_center__Omega_target,6.25,7.323689907098403,0.9760530350861368,1.0080506976522978,Ti30Nb
35,,Twin_center__Omega_target,6.75,8.221227563813475,0.9810814467394244,1.2166807462783351,Ti30Nb
35,,Twin_center__Omega_target,7.25,10.58751240191215,0.99080003607829,2.780666756823305,Ti30Nb
35,,Twin_center__Omega_target,7.75,12.551817443853162,0.9953323712456028,2.020156195602833,Ti30Nb
35,,Twin_center__Omega_target,8.25,14.339316316406602,0.9977000090195725,1.6223143254173105,Ti30Nb
35,,Twin_center__Omega_target,8.75,15.73737259853883,0.998399025886173,1.1280294212493145,Ti30Nb
35,,Twin_center__Omega_target,9.25,17.581965364841707,0.9990529448904122,1.3318071456025091,Ti30Nb
35,,Twin_center__Omega_target,9.75,20.873748534319475,0.99966176603229,2.139226939642042,Ti30Nb
36,,Omega_center__Twin_target,0.25,0.0,0.0,0.0,Ti30Nb
36,,Omega_center__Twin_target,0.75,0.0,0.0,0.0,Ti30Nb
36,,Omega_center__Twin_target,1.25,0.0,0.0,0.0,Ti30Nb
36,,Omega_center__Twin_target,1.75,0.0,0.0,0.0,Ti30Nb
36,,Omega_center__Twin_target,2.25,0.0080113578744549,0.0,0.0430020444132336,Ti30Nb
36,,Omega_center__Twin_target,2.75,2.940523273501673,0.4462529155258087,10.551427010502264,Ti30Nb
36,,Omega_center__Twin_target,3.25,4.632390224115201,0.8540208903762296,4.361895852293356,Ti30Nb
36,,Omega_center__Twin_target,3.75,5.218943312037319,0.8601054659770815,1.13640576122049,Ti30Nb
36,,Omega_center__Twin_target,4.25,6.039904674982253,0.8706013588885508,1.2387275321348266,Ti30Nb
36,,Omega_center__Twin_target,4.75,8.269343879931041,0.891745259101511,2.69363749682689,Ti30Nb
36,,Omega_center__Twin_target,5.25,12.375469019369232,0.9169962478450462,4.061785576433376,Ti30Nb
36,,Omega_center__Twin_target,5.75,15.276239732278674,0.9320555724571544,2.3924105074297395,Ti30Nb
36,,Omega_center__Twin_target,6.25,16.743078795254032,0.9387486056180916,1.0240529906433926,Ti30Nb
36,,Omega_center__Twin_target,6.75,18.832420646993207,0.9436162660987728,1.2506476843495495,Ti30Nb
36,,Omega_center__Twin_target,7.25,24.147804482304025,0.9525403103133556,2.75815124943526,Ti30Nb
36,,Omega_center__Twin_target,7.75,28.57915018760775,0.9590812290842714,2.012394739735319,Ti30Nb
36,,Omega_center__Twin_target,8.25,32.621640807220366,0.9628840888348038,1.620092345926418,Ti30Nb
36,,Omega_center__Twin_target,8.75,35.792414562417605,0.9660277862285772,1.129698492896561,Ti30Nb
36,,Omega_center__Twin_target,9.25,39.97550958320657,0.9687658452489606,1.3336445428178996,Ti30Nb
36,,Omega_center__Twin_target,9.75,47.30813304938647,0.972974343372883,2.104197720727421,Ti30Nb
36,,Twin_center__Omega_target,0.25,0.0,0.0,0.0,Ti30Nb
36,,Twin_center__Omega_target,0.75,0.0,0.0,0.0,Ti30Nb
36,,Twin_center__Omega_target,1.25,0.0,0.0,0.0,Ti30Nb
36,,Twin_center__Omega_target,1.75,0.0,0.0,0.0,Ti30Nb
36,,Twin_center__Omega_target,2.25,0.0035321470088527,0.0,0.0430020444132336,Ti30Nb
36,,Twin_center__Omega_target,2.75,1.296454439774658,0.2354913708307252,10.551427010502266,Ti30Nb
36,,Twin_center__Omega_target,3.25,2.042385764106233,0.7748368058660466,4.361895852293356,Ti30Nb
36,,Twin_center__Omega_target,3.75,2.3009925780202094,0.8022444782258785,1.13640576122049,Ti30Nb
36,,Twin_center__Omega_target,4.25,2.6629482249843512,0.8221407493516946,1.2387275321348268,Ti30Nb
36,,Twin_center__Omega_target,4.75,3.645891084682107,0.8778055977823482,2.6936374968268906,Ti30Nb
36,,Twin_center__Omega_target,5.25,5.456250558884021,0.9407582938388626,4.061785576433376,Ti30Nb
36,,Twin_center__Omega_target,5.75,6.735178395779307,0.971094518465528,2.3924105074297395,Ti30Nb
36,,Twin_center__Omega_target,6.25,7.381896628811589,0.9796789770186892,1.0240529906433928,Ti30Nb
36,,Twin_center__Omega_target,6.75,8.303071626576052,0.984373602789949,1.2506476843495495,Ti30Nb
36,,Twin_center__Omega_target,7.25,10.646584100867388,0.9929357059822944,2.75815124943526,Ti30Nb
36,,Twin_center__Omega_target,7.75,12.600330859340067,0.996244299382992,2.012394739735319,Ti30Nb
36,,Twin_center__Omega_target,8.25,14.3826343557185,0.9984574801037288,1.620092345926418,Ti30Nb
36,,Twin_center__Omega_target,8.75,15.780604488956453,0.9989045873200394,1.1296984928965612,Ti30Nb
36,,Twin_center__Omega_target,9.25,17.62489940087633,0.9993964052579808,1.3336445428178998,Ti30Nb
36,,Twin_center__Omega_target,9.75,20.857797549852453,0.9998435124742914,2.104197720727421,Ti30Nb
37,,Omega_center__Twin_target,0.25,0.0,0.0,0.0,Ti30Nb
37,,Omega_center__Twin_target,0.75,0.0,0.0,0.0,Ti30Nb
37,,Omega_center__Twin_target,1.25,0.0,0.0,0.0,Ti30Nb
37,,Omega_center__Twin_target,1.75,0.0,0.0,0.0,Ti30Nb
37,,Omega_center__Twin_target,2.25,0.0075226446957678,0.0,0.0413059570057082,Ti30Nb
37,,Omega_center__Twin_target,2.75,2.924466506320045,0.4463947597359398,10.73639923068307,Ti30Nb
37,,Omega_center__Twin_target,3.25,4.585691622741927,0.8408986234071951,4.381236946567962,Ti30Nb
37,,Omega_center__Twin_target,3.75,5.163246507343534,0.8477560002046978,1.1446653333635952,Ti30Nb
37,,Omega_center__Twin_target,4.25,5.985517629599304,0.8602425669105982,1.269191860159594,Ti30Nb
37,,Omega_center__Twin_target,4.75,8.186684407143954,0.8810705695716698,2.7205432349292904,Ti30Nb
37,,Omega_center__Twin_target,5.25,12.255769919656109,0.9073230643262884,4.117568156410481,Ti30Nb
37,,Omega_center__Twin_target,5.75,15.069699605956709,0.9226754004401004,2.3740764942895782,Ti30Nb
37,,Omega_center__Twin_target,6.25,16.530525561639628,0.9289186837930504,1.043272134513754,Ti30Nb
37,,Omega_center__Twin_target,6.75,18.61905736656261,0.9328079422752162,1.278868059002534,Ti30Nb
37,,Omega_center__Twin_target,7.25,23.82447162376541,0.9428381352029068,2.7631083269239154,Ti30Nb
37,,Omega_center__Twin_target,7.75,28.21298807635229,0.9503607798986746,2.038705242981425,Ti30Nb
37,,Omega_center__Twin_target,8.25,32.181259915050404,0.9554270508162326,1.626864311385514,Ti30Nb
37,,Omega_center__Twin_target,8.75,35.33294099585487,0.9589580881224092,1.1486791204632634,Ti30Nb
37,,Omega_center__Twin_target,9.25,39.51568497006294,0.9619262064377464,1.3641521514188686,Ti30Nb
37,,Omega_center__Twin_target,9.75,46.7539020520956,0.9658666393736248,2.124799390789105,Ti30Nb
37,,Twin_center__Omega_target,0.25,0.0,0.0,0.0,Ti30Nb
37,,Twin_center__Omega_target,0.75,0.0,0.0,0.0,Ti30Nb
37,,Twin_center__Omega_target,1.25,0.0,0.0,0.0,Ti30Nb
37,,Twin_center__Omega_target,1.75,0.0,0.0,0.0,Ti30Nb
37,,Twin_center__Omega_target,2.25,0.0033612292495541,0.0,0.0413059570057082,Ti30Nb
37,,Twin_center__Omega_target,2.75,1.3066950198929894,0.2380299080806695,10.73639923068307,Ti30Nb
37,,Twin_center__Omega_target,3.25,2.0489550464169755,0.7779988109937348,4.381236946567962,Ti30Nb
37,,Twin_center__Omega_target,3.75,2.307015136964376,0.805254493071752,1.1446653333635952,Ti30Nb
37,,Twin_center__Omega_target,4.25,2.67441807289523,0.8271139159464033,1.269191860159594,Ti30Nb
37,,Twin_center__Omega_target,4.75,3.6579320437188456,0.8816938766177345,2.7205432349292904,Ti30Nb
37,,Twin_center__Omega_target,5.25,5.476059816161339,0.943362143869758,4.117568156410481,Ti30Nb
37,,Twin_center__Omega_target,5.75,6.733365345040472,0.972767183427082,2.3740764942895782,Ti30Nb
37,,Twin_center__Omega_target,6.25,7.386084053596744,0.9815704028901998,1.043272134513754,Ti30Nb
37,,Twin_center__Omega_target,6.75,8.319271047697443,0.9858233868386151,1.278868059002534,Ti30Nb
37,,Twin_center__Omega_target,7.25,10.645127360863402,0.9936662550875748,2.7631083269239154,Ti30Nb
37,,Twin_center__Omega_target,7.75,12.6059816161339,0.99700461883203,2.038705242981425,Ti30Nb
37,,Twin_center__Omega_target,8.25,14.379064343531349,0.9984680111583664,1.626864311385514,Ti30Nb
37,,Twin_center__Omega_target,8.75,15.787282206063932,0.9991768418164356,1.1486791204632634,Ti30Nb
37,,Twin_center__Omega_target,9.25,17.656194265331322,0.9993826313623267,1.3641521514188686,Ti30Nb
37,,Twin_center__Omega_target,9.75,20.89033703754516,0.9997484794439108,2.124799390789105,Ti30Nb
38,,Omega_center__Twin_target,0.25,0.0,0.0,0.0,Ti30Nb
38,,Omega_center__Twin_target,0.75,0.0,0.0,0.0,Ti30Nb
38,,Omega_center__Twin_target,1.25,0.0,0.0,0.0,Ti30Nb
38,,Omega_center__Twin_target,1.75,0.0,0.0,0.0,Ti30Nb
38,,Omega_center__Twin_target,2.25,0.0080544921195246,0.0,0.0437709263777423,Ti30Nb
38,,Omega_center__Twin_target,2.75,2.9305921543280467,0.4502560532988614,10.64623716103748,Ti30Nb
38,,Omega_center__Twin_target,3.25,4.607815840501169,0.8423904937105354,4.377888318072928,Ti30Nb
38,,Omega_center__Twin_target,3.75,5.206433649878188,0.8492517277382787,1.1741953089659256,Ti30Nb
38,,Omega_center__Twin_target,4.25,6.032068811216626,0.8591955451697907,1.261263589041252,Ti30Nb
38,,Omega_center__Twin_target,4.75,8.22880723909909,0.8823646397852135,2.687116332946455,Ti30Nb
38,,Omega_center__Twin_target,5.25,12.322875752001194,0.9099587331576592,4.100195122535114,Ti30Nb
38,,Omega_center__Twin_target,5.75,15.18783871128126,0.925669964699448,2.3922464398193792,Ti30Nb
38,,Omega_center__Twin_target,6.25,16.65460150151643,0.932680355988664,1.0367271057839955,Ti30Nb
38,,Omega_center__Twin_target,6.75,18.74876945259285,0.9370556356585292,1.2691168050292394,Ti30Nb
38,,Omega_center__Twin_target,7.25,23.966539054342963,0.9465519813056232,2.741150945896603,Ti30Nb
38,,Omega_center__Twin_target,7.75,28.40650325660021,0.9531149008104212,2.041369473844498,Ti30Nb
38,,Omega_center__Twin_target,8.25,32.36429175160344,0.9573410232188138,1.605860950173723,Ti30Nb
38,,Omega_center__Twin_target,8.75,35.55764928155919,0.9602744493611096,1.1518858570290291,Ti30Nb
38,,Omega_center__Twin_target,9.25,39.7004424998757,0.9623626510217272,1.3372118770928108,Ti30Nb
38,,Omega_center__Twin_target,9.75,46.92492417839208,0.9662407398200168,2.09893244999999,Ti30Nb
38,,Twin_center__Omega_target,0.25,0.0,0.0,0.0,Ti30Nb
38,,Twin_center__Omega_target,0.75,0.0,0.0,0.0,Ti30Nb
38,,Twin_center__Omega_target,1.25,0.0,0.0,0.0,Ti30Nb
38,,Twin_center__Omega_target,1.75,0.0,0.0,0.0,Ti30Nb
38,,Twin_center__Omega_target,2.25,0.0036663196487575,0.0,0.0437709263777423,Ti30Nb
38,,Twin_center__Omega_target,2.75,1.3339745620784864,0.2447381523559498,10.646237161037478,Ti30Nb
38,,Twin_center__Omega_target,3.25,2.097429049925316,0.7857918797809261,4.377888318072928,Ti30Nb
38,,Twin_center__Omega_target,3.75,2.369913547277418,0.813198750735527,1.1741953089659254,Ti30Nb
38,,Twin_center__Omega_target,4.25,2.7457339428778345,0.8320961390485674,1.261263589041252,Ti30Nb
38,,Twin_center__Omega_target,4.75,3.745666048069524,0.8848956683112298,2.6871163329464545,Ti30Nb
38,,Twin_center__Omega_target,5.25,5.609242746571312,0.9465215226542344,4.100195122535114,Ti30Nb
38,,Twin_center__Omega_target,5.75,6.913343592993256,0.9747204997057892,2.392246439819379,Ti30Nb
38,,Twin_center__Omega_target,6.25,7.580998506314217,0.9830262979224188,1.0367271057839955,Ti30Nb
38,,Twin_center__Omega_target,6.75,8.534241614991174,0.9868284071877972,1.2691168050292394,Ti30Nb
38,,Twin_center__Omega_target,7.25,10.909315167700177,0.9938668356493008,2.7411509458966026,Ti30Nb
38,,Twin_center__Omega_target,7.75,12.930339926673607,0.9974426288869778,2.0413694738444974,Ti30Nb
38,,Twin_center__Omega_target,8.25,14.731883401982529,0.9983705246005522,1.605860950173723,Ti30Nb
38,,Twin_center__Omega_target,8.75,16.185465984701036,0.9988910514642648,1.1518858570290291,Ti30Nb
38,,Twin_center__Omega_target,9.25,18.07122165391753,0.9994568415335174,1.3372118770928103,Ti30Nb
38,,Twin_center__Omega_target,9.75,21.35972932603087,0.9997057891639886,2.09893244999999,Ti30Nb
39,,Omega_center__Twin_target,0.25,0.0,0.0,0.0,Ti30Nb
39,,Omega_center__Twin_target,0.75,0.0,0.0,0.0,Ti30Nb
39,,Omega_center__Twin_target,1.25,0.0,0.0,0.0,Ti30Nb
39,,Omega_center__Twin_target,1.75,0.0,0.0,0.0,Ti30Nb
39,,Omega_center__Twin_target,2.25,0.0073727209325495,0.0,0.0401312670226425,Ti30Nb
39,,Omega_center__Twin_target,2.75,2.8958852246687257,0.4369333466175152,10.539445694200726,Ti30Nb
39,,Omega_center__Twin_target,3.25,4.580203247982465,0.8390455315333267,4.403573868240939,Ti30Nb
39,,Omega_center__Twin_target,3.75,5.169472950084686,0.8459699113280861,1.157743411732816,Ti30Nb
39,,Omega_center__Twin_target,4.25,5.9965627179436085,0.8582743847763276,1.2655456784466632,Ti30Nb
39,,Omega_center__Twin_target,4.75,8.187506226960247,0.8802929162100229,2.684397340936808,Ti30Nb
39,,Omega_center__Twin_target,5.25,12.304373816877552,0.9071435687954568,4.129750516991895,Ti30Nb
39,,Omega_center__Twin_target,5.75,15.114675699910332,0.9226860615721828,2.3504303078279136,Ti30Nb
39,,Omega_center__Twin_target,6.25,16.581847165487694,0.928414864999502,1.0387067172449007,Ti30Nb
39,,Omega_center__Twin_target,6.75,18.68705788582246,0.9331971704692638,1.2778890756335473,Ti30Nb
39,,Omega_center__Twin_target,7.25,23.94933745142971,0.942363255952974,2.7690415246942632,Ti30Nb
39,,Omega_center__Twin_target,7.75,28.368337152535616,0.9487894789279664,2.0350431320091364,Ti30Nb
39,,Omega_center__Twin_target,8.25,32.339543688353096,0.953173258941915,1.6139323581260738,Ti30Nb
39,,Omega_center__Twin_target,8.75,35.52605360167381,0.9569094350901663,1.1512898436063856,Ti30Nb
39,,Omega_center__Twin_target,9.25,39.6927368735678,0.9594500348709774,1.3471158820941351,Ti30Nb
39,,Omega_center__Twin_target,9.75,46.95915114077912,0.9640828932948092,2.1145571163690686,Ti30Nb
39,,Twin_center__Omega_target,0.25,0.0,0.0,0.0,Ti30Nb
39,,Twin_center__Omega_target,0.75,0.0,0.0,0.0,Ti30Nb
39,,Twin_center__Omega_target,1.25,0.0,0.0,0.0,Ti30Nb
39,,Twin_center__Omega_target,1.75,0.0,0.0,0.0,Ti30Nb
39,,Twin_center__Omega_target,2.25,0.0033549440087047,0.0,0.0401312670226425,Ti30Nb
39,,Twin_center__Omega_target,2.75,1.3177676021217757,0.238201024618035,10.539445694200728,Ti30Nb
39,,Twin_center__Omega_target,3.25,2.084213628326608,0.7875277689622342,4.403573868240939,Ti30Nb
39,,Twin_center__Omega_target,3.75,2.352359795076393,0.8163848211452147,1.157743411732816,Ti30Nb
39,,Twin_center__Omega_target,4.25,2.728725574647504,0.8367185020628372,1.2655456784466634,Ti30Nb
39,,Twin_center__Omega_target,4.75,3.72571065874779,0.887745386951988,2.684397340936808,Ti30Nb
39,,Twin_center__Omega_target,5.25,5.599084190959786,0.9487464297048556,4.129750516991895,Ti30Nb
39,,Twin_center__Omega_target,5.75,6.877907240331868,0.9766740717232624,2.350430307827914,Ti30Nb
39,,Twin_center__Omega_target,6.25,7.545541098064106,0.9845627238518384,1.038706717244901,Ti30Nb
39,,Twin_center__Omega_target,6.75,8.5035136237929,0.9878949993199436,1.2778890756335473,Ti30Nb
39,,Twin_center__Omega_target,7.25,10.898104910005896,0.9947408985809494,2.769041524694264,Ti30Nb
39,,Twin_center__Omega_target,7.75,12.908963140952986,0.9976878088588657,2.035043132009137,Ti30Nb
39,,Twin_center__Omega_target,8.25,14.716053860452464,0.9989345785918302,1.613932358126074,Ti30Nb
39,,Twin_center__Omega_target,8.75,16.166069728430884,0.9994106179444168,1.1512898436063856,Ti30Nb
39,,Twin_center__Omega_target,9.25,18.062111801242235,0.9996373033504105,1.3471158820941351,Ti30Nb
39,,Twin_center__Omega_target,9.75,21.368681144307928,0.9998639887564038,2.1145571163690686,Ti30Nb
40,,Omega_center__Twin_target,0.25,0.0,0.0,0.0,Ti30Nb
40,,Omega_center__Twin_target,0.75,0.0,0.0,0.0,Ti30Nb
40,,Omega_center__Twin_target,1.25,0.0,0.0,0.0,Ti30Nb
40,,Omega_center__Twin_target,1.75,0.0,0.0,0.0,Ti30Nb
40,,Omega_center__Twin_target,2.25,0.0090720836209446,0.0,0.0502481025105488,Ti30Nb
40,,Omega_center__Twin_target,2.75,2.91480130164678,0.4500049304802287,10.788379244789652,Ti30Nb
40,,Omega_center__Twin_target,3.25,4.584212602307465,0.8389212109259442,4.44121793380628,Ti30Nb
40,,Omega_center__Twin_target,3.75,5.192535252933636,0.8464648456759688,1.2161572683073154,Ti30Nb
40,,Omega_center__Twin_target,4.25,6.01922887289222,0.8591361798639188,1.287144510680644,Ti30Nb
40,,Omega_center__Twin_target,4.75,8.17562370574894,0.8814219504979786,2.6884468092307743,Ti30Nb
40,,Omega_center__Twin_target,5.25,12.283009565131644,0.9103638694408837,4.192566565289158,Ti30Nb
40,,Omega_center__Twin_target,5.75,15.089685435361403,0.9277684646484567,2.3886043062122537,Ti30Nb
40,,Omega_center__Twin_target,6.25,16.55921506754758,0.9345725273641652,1.0586391769600152,Ti30Nb
40,,Omega_center__Twin_target,6.75,18.6725668080071,0.939601617197515,1.3053498280391966,Ti30Nb
40,,Omega_center__Twin_target,7.25,23.82092495809092,0.9495118824573512,2.7566513951198,Ti30Nb
40,,Omega_center__Twin_target,7.75,28.21708904447293,0.9561680307661966,2.0600657707669923,Ti30Nb
40,,Omega_center__Twin_target,8.25,32.11251355882063,0.9600631101469284,1.6109245246268629,Ti30Nb
40,,Omega_center__Twin_target,8.75,35.309782072773885,0.9632679222956316,1.1754551314850463,Ti30Nb
40,,Omega_center__Twin_target,9.25,39.45306182822207,0.965683857607731,1.3630640734339112,Ti30Nb
40,,Omega_center__Twin_target,9.75,46.56656148308845,0.9700226802090524,2.106396512910724,Ti30Nb
40,,Twin_center__Omega_target,0.25,0.0,0.0,0.0,Ti30Nb
40,,Twin_center__Omega_target,0.75,0.0,0.0,0.0,Ti30Nb
40,,Twin_center__Omega_target,1.25,0.0,0.0,0.0,Ti30Nb
40,,Twin_center__Omega_target,1.75,0.0,0.0,0.0,Ti30Nb
40,,Twin_center__Omega_target,2.25,0.0042435424354243,0.0,0.0502481025105488,Ti30Nb
40,,Twin_center__Omega_target,2.75,1.3634225092250922,0.251130073800738,10.788379244789652,Ti30Nb
40,,Twin_center__Omega_target,3.25,2.1443035055350554,0.7921125461254612,4.44121793380628,Ti30Nb
40,,Twin_center__Omega_target,3.75,2.4288514760147604,0.8203413284132841,1.2161572683073154,Ti30Nb
40,,Twin_center__Omega_target,4.25,2.8155442804428046,0.8399215867158671,1.287144510680644,Ti30Nb
40,,Twin_center__Omega_target,4.75,3.824215867158672,0.8902905904059041,2.6884468092307743,Ti30Nb
40,,Twin_center__Omega_target,5.25,5.745479704797048,0.948270295202952,4.192566565289158,Ti30Nb
40,,Twin_center__Omega_target,5.75,7.058325645756457,0.9749538745387454,2.3886043062122537,Ti30Nb
40,,Twin_center__Omega_target,6.25,7.745710332103321,0.9831872693726936,1.0586391769600152,Ti30Nb
40,,Twin_center__Omega_target,6.75,8.73424815498155,0.9867619926199264,1.3053498280391966,Ti30Nb
40,,Twin_center__Omega_target,7.25,11.142435424354243,0.9939345018450184,2.7566513951198,Ti30Nb
40,,Twin_center__Omega_target,7.75,13.198777675276752,0.99760147601476,2.0600657707669923,Ti30Nb
40,,Twin_center__Omega_target,8.25,15.02089483394834,0.9990544280442804,1.6109245246268629,Ti30Nb
40,,Twin_center__Omega_target,8.75,16.51644372693727,0.9995618081180812,1.1754551314850463,Ti30Nb
40,,Twin_center__Omega_target,9.25,18.454497232472324,0.9997232472324724,1.3630640734339112,Ti30Nb
40,,Twin_center__Omega_target,9.75,21.781895756457565,0.9999538745387454,2.106396512910724,Ti30Nb
35,,Omega_center__Twin_target,0.25,0.0,0.0,0.0,Ti40Nb
35,,Omega_center__Twin_target,0.75,0.0,0.0,0.0,Ti40Nb
35,,Omega_center__Twin_target,1.25,0.0,0.0,0.0,Ti40Nb
35,,Omega_center__Twin_target,1.75,0.0,0.0,0.0,Ti40Nb
35,,Omega_center__Twin_target,2.25,0.0047662694775435,0.0,0.0241112301842182,Ti40Nb
35,,Omega_center__Twin_target,2.75,2.9501374885426213,0.4351054078826764,9.987786668453056,Ti40Nb
35,,Omega_center__Twin_target,3.25,5.448487626031164,0.961961503208066,6.070440319352737,Ti40Nb
35,,Omega_center__Twin_target,3.75,5.625389550870761,0.965627864344638,0.323010369775605,Ti40Nb
35,,Omega_center__Twin_target,4.25,6.155178735105408,0.9685609532538956,0.7533797889358097,Ti40Nb
35,,Omega_center__Twin_target,4.75,8.975068744271312,0.976718606782768,3.210949602161934,Ti40Nb
35,,Omega_center__Twin_target,5.25,13.761778185151238,0.9854262144821264,4.462514943558928,Ti40Nb
35,,Omega_center__Twin_target,5.75,16.916315307057744,0.9893675527039414,2.4519733568699578,Ti40Nb
35,,Omega_center__Twin_target,6.25,17.94197983501375,0.9910174152153988,0.6748435546762976,Ti40Nb
35,,Omega_center__Twin_target,6.75,19.326672777268563,0.9925756186984418,0.7811541842909614,Ti40Nb
35,,Omega_center__Twin_target,7.25,26.219248395967004,0.9949587534372136,3.3707208804999254,Ti40Nb
35,,Omega_center__Twin_target,7.75,30.91365719523373,0.9962419798350136,2.009168000427032,Ti40Nb
35,,Omega_center__Twin_target,8.25,35.70036663611366,0.9970669110907424,1.807946690719712,Ti40Nb
35,,Omega_center__Twin_target,8.75,38.39908340971586,0.9973418881759852,0.9061756919969498,Ti40Nb
35,,Omega_center__Twin_target,9.25,42.11585701191567,0.9976168652612284,1.116776522773071,Ti40Nb
35,,Omega_center__Twin_target,9.75,50.8974335472044,0.9980751604032996,2.374966332600003,Ti40Nb
35,,Twin_center__Omega_target,0.25,0.0,0.0,0.0,Ti40Nb
35,,Twin_center__Omega_target,0.75,0.0,0.0,0.0,Ti40Nb
35,,Twin_center__Omega_target,1.25,0.0,0.0,0.0,Ti40Nb
35,,Twin_center__Omega_target,1.75,0.0,0.0,0.0,Ti40Nb
35,,Twin_center__Omega_target,2.25,0.001086275329016,0.0,0.0241112301842182,Ti40Nb
35,,Twin_center__Omega_target,2.75,0.67236264884061,0.1141424691873825,9.987786668453056,Ti40Nb
35,,Twin_center__Omega_target,3.25,1.241758930436599,0.6332567369960309,6.070440319352737,Ti40Nb
35,,Twin_center__Omega_target,3.75,1.2820764570712346,0.6616252350114894,0.323010369775605,Ti40Nb
35,,Twin_center__Omega_target,4.25,1.402820137873407,0.677397117192396,0.7533797889358097,Ti40Nb
35,,Twin_center__Omega_target,4.75,2.0454982243576354,0.7512429496553165,3.210949602161934,Ti40Nb
35,,Twin_center__Omega_target,5.25,3.1364320033423856,0.8443910591184458,4.462514943558928,Ti40Nb
35,,Twin_center__Omega_target,5.75,3.855379151869647,0.9078546062251932,2.4519733568699578,Ti40Nb
35,,Twin_center__Omega_target,6.25,4.089137246709839,0.9262586170879464,0.6748435546762976,Ti40Nb
35,,Twin_center__Omega_target,6.75,4.404721119699185,0.9357217463964904,0.7811541842909614,Ti40Nb
35,,Twin_center__Omega_target,7.25,5.975600584917485,0.960956757885941,3.3707208804999254,Ti40Nb
35,,Twin_center__Omega_target,7.75,7.045498224357635,0.9780238144975976,2.009168000427032,Ti40Nb
35,,Twin_center__Omega_target,8.25,8.136432003342385,0.986421558387299,1.807946690719712,Ti40Nb
35,,Twin_center__Omega_target,8.75,8.751493628577396,0.9906622101524964,0.9061756919969498,Ti40Nb
35,,Twin_center__Omega_target,9.25,9.59857948610821,0.9935032379360768,1.116776522773071,Ti40Nb
35,,Twin_center__Omega_target,9.75,11.599979110089826,0.9968247336536452,2.374966332600003,Ti40Nb
36,,Omega_center__Twin_target,0.25,0.0,0.0,0.0,Ti40Nb
36,,Omega_center__Twin_target,0.75,0.0,0.0,0.0,Ti40Nb
36,,Omega_center__Twin_target,1.25,0.0,0.0,0.0,Ti40Nb
36,,Omega_center__Twin_target,1.75,0.0,0.0,0.0,Ti40Nb
36,,Omega_center__Twin_target,2.25,0.0061360765204836,0.0,0.0307795590446788,Ti40Nb
36,,Omega_center__Twin_target,2.75,2.9842086266016965,0.4341274138242194,10.013717682004476,Ti40Nb
36,,Omega_center__Twin_target,3.25,5.5011730734524455,0.9641761414907056,6.064218233722424,Ti40Nb
36,,Omega_center__Twin_target,3.75,5.692293809781628,0.9673344161703664,0.3460370230990618,Ti40Nb
36,,Omega_center__Twin_target,4.25,6.234434217650244,0.969770799494676,0.7644577822693319,Ti40Nb
36,,Omega_center__Twin_target,4.75,9.095831077422847,0.9778018408229562,3.230801435625827,Ti40Nb
36,,Omega_center__Twin_target,5.25,13.933134813210613,0.9864645370871684,4.471742896934158,Ti40Nb
36,,Omega_center__Twin_target,5.75,17.14401732539253,0.9912470673163688,2.4747730041004314,Ti40Nb
36,,Omega_center__Twin_target,6.25,18.23118570655116,0.9935029778018408,0.7092926053426483,Ti40Nb
36,,Omega_center__Twin_target,6.75,19.666125248150152,0.9950369969319618,0.802689789860132,Ti40Nb
36,,Omega_center__Twin_target,7.25,26.64185165132648,0.9962100703844072,3.382684872958022,Ti40Nb
36,,Omega_center__Twin_target,7.75,31.395055044215844,0.997112434578596,2.0172168889896787,Ti40Nb
36,,Omega_center__Twin_target,8.25,36.23371232629489,0.9974733802562714,1.8121922460349904,Ti40Nb
36,,Omega_center__Twin_target,8.75,39.05477350658726,0.9976538530951092,0.9392873106836314,Ti40Nb
36,,Omega_center__Twin_target,9.25,42.88918967695362,0.9980147987727848,1.1424317537032165,Ti40Nb
36,,Omega_center__Twin_target,9.75,51.75672261324671,0.9982855080310412,2.37803711020462,Ti40Nb
36,,Twin_center__Omega_target,0.25,0.0,0.0,0.0,Ti40Nb
36,,Twin_center__Omega_target,0.75,0.0,0.0,0.0,Ti40Nb
36,,Twin_center__Omega_target,1.25,0.0,0.0,0.0,Ti40Nb
36,,Twin_center__Omega_target,1.75,0.0,0.0,0.0,Ti40Nb
36,,Twin_center__Omega_target,2.25,0.0014084798773793,0.0,0.0307795590446788,Ti40Nb
36,,Twin_center__Omega_target,2.75,0.6849976180119721,0.1159303216719484,10.013717682004476,Ti40Nb
36,,Twin_center__Omega_target,3.25,1.2627436359493776,0.6410033347832391,6.064218233722424,Ti40Nb
36,,Twin_center__Omega_target,3.75,1.3066136415418712,0.6708092545413119,0.3460370230990618,Ti40Nb
36,,Twin_center__Omega_target,4.25,1.4310569812962155,0.6865718014043373,0.7644577822693319,Ti40Nb
36,,Twin_center__Omega_target,4.75,2.0878642888212267,0.7598334679674392,3.230801435625827,Ti40Nb
36,,Twin_center__Omega_target,5.25,3.198222829801777,0.8535388056919158,4.471742896934158,Ti40Nb
36,,Twin_center__Omega_target,5.75,3.935251351519294,0.9143312827523354,2.4747730041004314,Ti40Nb
36,,Twin_center__Omega_target,6.25,4.184800845087927,0.931233041280888,0.7092926053426483,Ti40Nb
36,,Twin_center__Omega_target,6.75,4.514178007000973,0.9400360405145094,0.802689789860132,Ti40Nb
36,,Twin_center__Omega_target,7.25,6.115391785248245,0.9643116054599308,3.382684872958022,Ti40Nb
36,,Twin_center__Omega_target,7.75,7.206445866732948,0.9788106630211894,2.0172168889896787,Ti40Nb
36,,Twin_center__Omega_target,8.25,8.317115101804097,0.9864123117711634,1.8121922460349904,Ti40Nb
36,,Twin_center__Omega_target,8.75,8.964663725429276,0.9901406408583442,0.9392873106836314,Ti40Nb
36,,Twin_center__Omega_target,9.25,9.844818658215788,0.9928954617949832,1.1424317537032165,Ti40Nb
36,,Twin_center__Omega_target,9.75,11.880279210422753,0.9963130967915657,2.37803711020462,Ti40Nb
37,,Omega_center__Twin_target,0.25,0.0,0.0,0.0,Ti40Nb
37,,Omega_center__Twin_target,0.75,0.0,0.0,0.0,Ti40Nb
37,,Omega_center__Twin_target,1.25,0.0,0.0,0.0,Ti40Nb
37,,Omega_center__Twin_target,1.75,0.0,0.0,0.0,Ti40Nb
37,,Omega_center__Twin_target,2.25,0.0052679382379654,0.0,0.026604533015489,Ti40Nb
37,,Omega_center__Twin_target,2.75,2.94913714804723,0.4305177111716621,9.966023791204972,Ti40Nb
37,,Omega_center__Twin_target,3.25,5.423069936421435,0.959400544959128,6.001073918928768,Ti40Nb
37,,Omega_center__Twin_target,3.75,5.622797456857402,0.9632152588555858,0.3640793158707083,Ti40Nb
37,,Omega_center__Twin_target,4.25,6.179473206176204,0.9661217075386012,0.7902916060676837,Ti40Nb
37,,Omega_center__Twin_target,4.75,8.98564940962761,0.9740236148955494,3.1899982678991914,Ti40Nb
37,,Omega_center__Twin_target,5.25,13.754586739327884,0.983560399636694,4.438522462818381,Ti40Nb
37,,Omega_center__Twin_target,5.75,16.9669391462307,0.9878292461398728,2.492742836150472,Ti40Nb
37,,Omega_center__Twin_target,6.25,18.05531335149864,0.9897366030881016,0.7149080680317956,Ti40Nb
37,,Omega_center__Twin_target,6.75,19.512715712988197,0.9909173478655768,0.8207992354144472,Ti40Nb
37,,Omega_center__Twin_target,7.25,26.32334241598547,0.99291553133515,3.325083212146924,Ti40Nb
37,,Omega_center__Twin_target,7.75,31.05413260672116,0.9947320617620344,2.0213579345097914,Ti40Nb
37,,Omega_center__Twin_target,8.25,35.83505903723887,0.995367847411444,1.802747097054573,Ti40Nb
37,,Omega_center__Twin_target,8.75,38.68837420526794,0.9963669391462306,0.9564869176686964,Ti40Nb
37,,Omega_center__Twin_target,9.25,42.50463215258856,0.9964577656675748,1.1447537603065496,Ti40Nb
37,,Omega_center__Twin_target,9.75,51.22070844686648,0.9970027247956404,2.3533156303333698,Ti40Nb
37,,Twin_center__Omega_target,0.25,0.0,0.0,0.0,Ti40Nb
37,,Twin_center__Omega_target,0.75,0.0,0.0,0.0,Ti40Nb
37,,Twin_center__Omega_target,1.25,0.0,0.0,0.0,Ti40Nb
37,,Twin_center__Omega_target,1.75,0.0,0.0,0.0,Ti40Nb
37,,Twin_center__Omega_target,2.25,0.0012095428762095,0.0,0.026604533015489,Ti40Nb
37,,Twin_center__Omega_target,2.75,0.6771354688021355,0.1144477811144477,9.966023791204972,Ti40Nb
37,,Twin_center__Omega_target,3.25,1.2451618284951618,0.6383466800133467,6.001073918928768,Ti40Nb
37,,Twin_center__Omega_target,3.75,1.2910201868535205,0.6683975642308976,0.3640793158707083,Ti40Nb
37,,Twin_center__Omega_target,4.25,1.4188355021688357,0.6839130797464131,0.7902916060676837,Ti40Nb
37,,Twin_center__Omega_target,4.75,2.0631464798131467,0.759300967634301,3.1899982678991914,Ti40Nb
37,,Twin_center__Omega_target,5.25,3.158116449783116,0.855835001668335,4.438522462818381,Ti40Nb
37,,Twin_center__Omega_target,5.75,3.895687354020688,0.9166875208541876,2.492742836150472,Ti40Nb
37,,Twin_center__Omega_target,6.25,4.145583083083083,0.9350183516850183,0.7149080680317956,Ti40Nb
37,,Twin_center__Omega_target,6.75,4.480209376042709,0.9438188188188188,0.8207992354144472,Ti40Nb
37,,Twin_center__Omega_target,7.25,6.043960627293961,0.9676968635301968,3.325083212146924,Ti40Nb
37,,Twin_center__Omega_target,7.75,7.130171838505172,0.9810018351685018,2.0213579345097914,Ti40Nb
37,,Twin_center__Omega_target,8.25,8.227894561227895,0.9884467801134468,1.802747097054573,Ti40Nb
37,,Twin_center__Omega_target,8.75,8.883028862195529,0.9920962629295964,0.9564869176686964,Ti40Nb
37,,Twin_center__Omega_target,9.25,9.75925925925926,0.9941191191191192,1.1447537603065496,Ti40Nb
37,,Twin_center__Omega_target,9.75,11.76051051051051,0.9968927260593928,2.3533156303333698,Ti40Nb
38,,Omega_center__Twin_target,0.25,0.0,0.0,0.0,Ti40Nb
38,,Omega_center__Twin_target,0.75,0.0,0.0,0.0,Ti40Nb
38,,Omega_center__Twin_target,1.25,0.0,0.0,0.0,Ti40Nb
38,,Omega_center__Twin_target,1.75,0.0,0.0,0.0,Ti40Nb
38,,Omega_center__Twin_target,2.25,0.0064463410205193,9.079353550027238e-05,0.0329547312988356,Ti40Nb
38,,Omega_center__Twin_target,2.75,2.958779734882876,0.4284546940257853,10.117153514362869,Ti40Nb
38,,Omega_center__Twin_target,3.25,5.388051570728164,0.9557835482113674,5.964948899692844,Ti40Nb
38,,Omega_center__Twin_target,3.75,5.594334483384783,0.959687670237879,0.3806368964220539,Ti40Nb
38,,Omega_center__Twin_target,4.25,6.1525331396404574,0.9618667150898856,0.8021644038125346,Ti40Nb
38,,Omega_center__Twin_target,4.75,8.939531505356818,0.9723079716724168,3.2070206511559967,Ti40Nb
38,,Omega_center__Twin_target,5.25,13.651806791356456,0.9836571636099508,4.439529979898425,Ti40Nb
38,,Omega_center__Twin_target,5.75,16.862447793717088,0.9895587434174686,2.521944786587963,Ti40Nb
38,,Omega_center__Twin_target,6.25,17.958961321953876,0.9907390593789722,0.72908050342828,Ti40Nb
38,,Omega_center__Twin_target,6.75,19.448610858906846,0.9922825494824768,0.8492413127074633,Ti40Nb
38,,Omega_center__Twin_target,7.25,26.201107681133102,0.9948247684764844,3.337101088046631,Ti40Nb
38,,Omega_center__Twin_target,7.75,30.825948792445978,0.9962774650444888,2.000303457187892,Ti40Nb
38,,Omega_center__Twin_target,8.25,35.5680951516252,0.9970946068639912,1.8100360742674024,Ti40Nb
38,,Omega_center__Twin_target,8.75,38.40303250408571,0.9977301616124932,0.9619716828543796,Ti40Nb
38,,Omega_center__Twin_target,9.25,42.16324677682949,0.9981841292899946,1.1417643622367606,Ti40Nb
38,,Omega_center__Twin_target,9.75,50.725985109860176,0.9987288905029962,2.3402451918428904,Ti40Nb
38,,Twin_center__Omega_target,0.25,0.0,0.0,0.0,Ti40Nb
38,,Twin_center__Omega_target,0.75,0.0,0.0,0.0,Ti40Nb
38,,Twin_center__Omega_target,1.25,0.0,0.0,0.0,Ti40Nb
38,,Twin_center__Omega_target,1.75,0.0,0.0,0.0,Ti40Nb
38,,Twin_center__Omega_target,2.25,0.0014988072871588,2.110996179096916e-05,0.0329547312988356,Ti40Nb
38,,Twin_center__Omega_target,2.75,0.6879314348441029,0.1151759515315277,10.117153514362869,Ti40Nb
38,,Twin_center__Omega_target,3.25,1.2527495725232738,0.6401807012729307,5.964948899692844,Ti40Nb
38,,Twin_center__Omega_target,3.75,1.3007114057123557,0.6699668573599882,0.3806368964220539,Ti40Nb
38,,Twin_center__Omega_target,4.25,1.430495450803234,0.6867070570602267,0.8021644038125346,Ti40Nb
38,,Twin_center__Omega_target,4.75,2.0784868379388235,0.7615207616474214,3.2070206511559967,Ti40Nb
38,,Twin_center__Omega_target,5.25,3.174114964851914,0.8559034008148445,4.439529979898425,Ti40Nb
38,,Twin_center__Omega_target,5.75,3.920605433704165,0.917861138671339,2.521944786587963,Ti40Nb
38,,Twin_center__Omega_target,6.25,4.1755504422537,0.936311245276646,0.72908050342828,Ti40Nb
38,,Twin_center__Omega_target,6.75,4.521901585358131,0.9450507694581072,0.8492413127074633,Ti40Nb
38,,Twin_center__Omega_target,7.25,6.091891663676089,0.9677861983069812,3.337101088046631,Ti40Nb
38,,Twin_center__Omega_target,7.75,7.167190897384476,0.9819087627451394,2.000303457187892,Ti40Nb
38,,Twin_center__Omega_target,8.25,8.269764201726796,0.9886006206328768,1.8100360742674024,Ti40Nb
38,,Twin_center__Omega_target,8.75,8.928901648688015,0.991851554748686,0.9619716828543796,Ti40Nb
38,,Twin_center__Omega_target,9.25,9.803170716261004,0.9940047708513648,1.1417643622367606,Ti40Nb
38,,Twin_center__Omega_target,9.75,11.794051212767306,0.9968335057313548,2.3402451918428904,Ti40Nb
39,,Omega_center__Twin_target,0.25,0.0,0.0,0.0,Ti40Nb
39,,Omega_center__Twin_target,0.75,0.0,0.0,0.0,Ti40Nb
39,,Omega_center__Twin_target,1.25,0.0,0.0,0.0,Ti40Nb
39,,Omega_center__Twin_target,1.75,0.0,0.0,0.0,Ti40Nb
39,,Omega_center__Twin_target,2.25,0.0069757174392935,0.0,0.0362015579117303,Ti40Nb
39,,Omega_center__Twin_target,2.75,2.908520971302428,0.4278145695364238,10.09383429847641,Ti40Nb
39,,Omega_center__Twin_target,3.25,5.3348344370860925,0.9504635761589404,6.047994708084325,Ti40Nb
39,,Omega_center__Twin_target,3.75,5.546048565121413,0.9541721854304636,0.3956439006828246,Ti40Nb
39,,Omega_center__Twin_target,4.25,6.102781456953642,0.9577924944812362,0.8121857423228741,Ti40Nb
39,,Omega_center__Twin_target,4.75,8.84980132450331,0.9669757174392936,3.2089335543308746,Ti40Nb
39,,Omega_center__Twin_target,5.25,13.509845474613687,0.9783664459161148,4.45687293381336,Ti40Nb
39,,Omega_center__Twin_target,5.75,16.666048565121415,0.9855187637969096,2.516764902777481,Ti40Nb
39,,Omega_center__Twin_target,6.25,17.736865342163355,0.988167770419426,0.7227873434058124,Ti40Nb
39,,Omega_center__Twin_target,6.75,19.149492273730683,0.989757174392936,0.8175387946169796,Ti40Nb
39,,Omega_center__Twin_target,7.25,25.80309050772627,0.9920529801324504,3.3380699171025854,Ti40Nb
39,,Omega_center__Twin_target,7.75,30.406710816777043,0.9937306843267107,2.0213077796387613,Ti40Nb
39,,Omega_center__Twin_target,8.25,35.05889624724062,0.994878587196468,1.802615807885948,Ti40Nb
39,,Omega_center__Twin_target,8.75,37.8237527593819,0.9954966887417218,0.9524129703620892,Ti40Nb
39,,Omega_center__Twin_target,9.25,41.45271523178808,0.9962913907284768,1.1186139949272649,Ti40Nb
39,,Omega_center__Twin_target,9.75,49.83567328918322,0.9965562913907284,2.325840152557964,Ti40Nb
39,,Twin_center__Omega_target,0.25,0.0,0.0,0.0,Ti40Nb
39,,Twin_center__Omega_target,0.75,0.0,0.0,0.0,Ti40Nb
39,,Twin_center__Omega_target,1.25,0.0,0.0,0.0,Ti40Nb
39,,Twin_center__Omega_target,1.75,0.0,0.0,0.0,Ti40Nb
39,,Twin_center__Omega_target,2.25,0.0016932804629728,0.0,0.0362015579117303,Ti40Nb
39,,Twin_center__Omega_target,2.75,0.7060122173400493,0.1197513664130318,10.09383429847641,Ti40Nb
39,,Twin_center__Omega_target,3.25,1.294973743435859,0.6518701103847391,6.047994708084325,Ti40Nb
39,,Twin_center__Omega_target,3.75,1.3462437037830886,0.6812345943628765,0.3956439006828246,Ti40Nb
39,,Twin_center__Omega_target,4.25,1.481384631872254,0.698488907941271,0.8121857423228741,Ti40Nb
39,,Twin_center__Omega_target,4.75,2.1481941914049942,0.7700353659843532,3.2089335543308746,Ti40Nb
39,,Twin_center__Omega_target,5.25,3.279369842460615,0.8621369628121316,4.45687293381336,Ti40Nb
39,,Twin_center__Omega_target,5.75,4.045504233201157,0.9210159682777838,2.516764902777481,Ti40Nb
39,,Twin_center__Omega_target,6.25,4.305433501232451,0.9384203193655556,0.7227873434058124,Ti40Nb
39,,Twin_center__Omega_target,6.75,4.648333511949416,0.9453649126567356,0.8175387946169796,Ti40Nb
39,,Twin_center__Omega_target,7.25,6.263422998606795,0.9674632943950272,3.3380699171025854,Ti40Nb
39,,Twin_center__Omega_target,7.75,7.380902368449255,0.9813524809773873,2.0213077796387613,Ti40Nb
39,,Twin_center__Omega_target,8.25,8.510170399742792,0.988725752866788,1.802615807885948,Ti40Nb
39,,Twin_center__Omega_target,8.75,9.181309613117564,0.9919837102132676,0.9524129703620892,Ti40Nb
39,,Twin_center__Omega_target,9.25,10.062201264601864,0.9941699710641946,1.1186139949272649,Ti40Nb
39,,Twin_center__Omega_target,9.75,12.09707426856714,0.9972564569713857,2.325840152557964,Ti40Nb
40,,Omega_center__Twin_target,0.25,0.0,0.0,0.0,Ti40Nb
40,,Omega_center__Twin_target,0.75,0.0,0.0,0.0,Ti40Nb
40,,Omega_center__Twin_target,1.25,0.0,0.0,0.0,Ti40Nb
40,,Omega_center__Twin_target,1.75,0.0,0.0,0.0,Ti40Nb
40,,Omega_center__Twin_target,2.25,0.007339121095498,0.0,0.0389236477138222,Ti40Nb
40,,Omega_center__Twin_target,2.75,2.934305916047615,0.4315761210059965,10.405805832523823,Ti40Nb
40,,Omega_center__Twin_target,3.25,5.337689071869685,0.9486261523315136,6.122356389054669,Ti40Nb
40,,Omega_center__Twin_target,3.75,5.552850622035264,0.95408574241475,0.4118862314436242,Ti40Nb
40,,Omega_center__Twin_target,4.25,6.1192159670634565,0.95900832363734,0.8443767228682186,Ti40Nb
40,,Omega_center__Twin_target,4.75,8.818580506578359,0.9684954801754228,3.222489880207972,Ti40Nb
40,,Omega_center__Twin_target,5.25,13.468361227960262,0.9794146603418956,4.544685067708273,Ti40Nb
40,,Omega_center__Twin_target,5.75,16.61183209522957,0.98585876666965,2.561640893754889,Ti40Nb
40,,Omega_center__Twin_target,6.25,17.70142307348071,0.9880963035890092,0.751605536516521,Ti40Nb
40,,Omega_center__Twin_target,6.75,19.15680658730869,0.9897073301709478,0.8607745923204673,Ti40Nb
40,,Omega_center__Twin_target,7.25,25.67224559205227,0.9923923744741788,3.340516635228828,Ti40Nb
40,,Omega_center__Twin_target,7.75,30.302604492974133,0.9945404099167636,2.0776802168896533,Ti40Nb
40,,Omega_center__Twin_target,8.25,34.88973418061398,0.995614427638056,1.816428371949096,Ti40Nb
40,,Omega_center__Twin_target,8.75,37.64405262686834,0.9964199409290252,0.9696119379422892,Ti40Nb
40,,Omega_center__Twin_target,9.25,41.28747874339927,0.9968674483128972,1.147727633400512,Ti40Nb
40,,Omega_center__Twin_target,9.75,49.55025507920881,0.997314955696769,2.342824015875505,Ti40Nb
40,,Twin_center__Omega_target,0.25,0.0,0.0,0.0,Ti40Nb
40,,Twin_center__Omega_target,0.75,0.0,0.0,0.0,Ti40Nb
40,,Twin_center__Omega_target,1.25,0.0,0.0,0.0,Ti40Nb
40,,Twin_center__Omega_target,1.75,0.0,0.0,0.0,Ti40Nb
40,,Twin_center__Omega_target,2.25,0.0017960792903296,0.0,0.0389236477138222,Ti40Nb
40,,Twin_center__Omega_target,2.75,0.7181031650421641,0.1220238747125178,10.405805832523823,Ti40Nb
40,,Twin_center__Omega_target,3.25,1.306275325813164,0.6565984010513635,6.122356389054669,Ti40Nb
40,,Twin_center__Omega_target,3.75,1.358931113788194,0.6868470047092323,0.4118862314436242,Ti40Nb
40,,Twin_center__Omega_target,4.25,1.4975358668272916,0.7044354397108751,0.8443767228682186,Ti40Nb
40,,Twin_center__Omega_target,4.75,2.1581425911729277,0.7759938670463257,3.222489880207972,Ti40Nb
40,,Twin_center__Omega_target,5.25,3.2960683386266565,0.868229109626547,4.544685067708273,Ti40Nb
40,,Twin_center__Omega_target,5.75,4.065359763443215,0.9278282772971196,2.561640893754889,Ti40Nb
40,,Twin_center__Omega_target,6.25,4.332011827839229,0.9446938999014348,0.751605536516521,Ti40Nb
40,,Twin_center__Omega_target,6.75,4.68818311247399,0.9532143248275108,0.8607745923204673,Ti40Nb
40,,Twin_center__Omega_target,7.25,6.282685357573103,0.9748767933413646,3.340516635228828,Ti40Nb
40,,Twin_center__Omega_target,7.75,7.415858065929252,0.9864855985105684,2.0776802168896533,Ti40Nb
40,,Twin_center__Omega_target,8.25,8.53845142919724,0.9929251998685796,1.816428371949096,Ti40Nb
40,,Twin_center__Omega_target,8.75,9.212506844814367,0.9950060234366443,0.9696119379422892,Ti40Nb
40,,Twin_center__Omega_target,9.25,10.10415069543314,0.9966049720731572,1.147727633400512,Ti40Nb
40,,Twin_center__Omega_target,9.75,12.126273135472566,0.9985543752053444,2.342824015875505,Ti40Nb
