frame,strain,analysis_variant,mode,center_kind,target_kind,r_lower_A,r_upper_A,r_mid_A,N_total,N_center,N_target,rho_target_1_per_A3,pair_count_shell,pair_count_cumulative,CN_sum_r,P_sum_r,g_r_RDF_like
35,,all_exclude_self,Omega_center__Twin_target,Omega,Twin,0.0,0.5,0.25,432000,19750,44348,0.005783583811898988,0,0,0.0,0.0,0.0
35,,all_exclude_self,Omega_center__Twin_target,Omega,Twin,0.5,1.0,0.75,432000,19750,44348,0.005783583811898988,0,0,0.0,0.0,0.0
35,,all_exclude_self,Omega_center__Twin_target,Omega,Twin,1.0,1.5,1.25,432000,19750,44348,0.005783583811898988,0,0,0.0,0.0,0.0
35,,all_exclude_self,Omega_center__Twin_target,Omega,Twin,1.5,2.0,1.75,432000,19750,44348,0.005783583811898988,0,0,0.0,0.0,0.0
35,,all_exclude_self,Omega_center__Twin_target,Omega,Twin,2.0,2.5,2.25,432000,19750,44348,0.005783583811898988,118,118,0.005974683544303797,0.0,0.032343678882788544
35,,all_exclude_self,Omega_center__Twin_target,Omega,Twin,2.5,3.0,2.75,432000,19750,44348,0.005783583811898988,56941,57059,2.8890632911392404,0.43240506329113926,10.462149988373683
35,,all_exclude_self,Omega_center__Twin_target,Omega,Twin,3.0,3.5,3.25,432000,19750,44348,0.005783583811898988,33076,90135,4.56379746835443,0.8372151898734177,4.354582335937138
35,,all_exclude_self,Omega_center__Twin_target,Omega,Twin,3.5,4.0,3.75,432000,19750,44348,0.005783583811898988,10988,101123,5.120151898734178,0.8436455696202532,1.0870992356538418
35,,all_exclude_self,Omega_center__Twin_target,Omega,Twin,4.0,4.5,4.25,432000,19750,44348,0.005783583811898988,15848,116971,5.922582278481013,0.8551898734177216,1.2211020854096855
35,,all_exclude_self,Omega_center__Twin_target,Omega,Twin,4.5,5.0,4.75,432000,19750,44348,0.005783583811898988,43320,160291,8.116,0.8770632911392405,2.6727380799720555
35,,all_exclude_self,Omega_center__Twin_target,Omega,Twin,5.0,5.5,5.25,432000,19750,44348,0.005783583811898988,80431,240722,12.188455696202531,0.9063797468354431,4.062868058003879
35,,all_exclude_self,Omega_center__Twin_target,Omega,Twin,5.5,6.0,5.75,432000,19750,44348,0.005783583811898988,55793,296515,15.013417721518987,0.924253164556962,2.3497759345590383
35,,all_exclude_self,Omega_center__Twin_target,Omega,Twin,6.0,6.5,6.25,432000,19750,44348,0.005783583811898988,28276,324791,16.445113924050634,0.9307341772151899,1.0080506976522978
35,,all_exclude_self,Omega_center__Twin_target,Omega,Twin,6.5,7.0,6.75,432000,19750,44348,0.005783583811898988,39804,364595,18.460506329113922,0.9357974683544303,1.2166807462783353
35,,all_exclude_self,Omega_center__Twin_target,Omega,Twin,7.0,7.5,7.25,432000,19750,44348,0.005783583811898988,104940,469535,23.77392405063291,0.9460759493670886,2.780666756823305
35,,all_exclude_self,Omega_center__Twin_target,Omega,Twin,7.5,8.0,7.75,432000,19750,44348,0.005783583811898988,87113,556648,28.184708860759493,0.9525063291139241,2.0201561956028335
35,,all_exclude_self,Omega_center__Twin_target,Omega,Twin,8.0,8.5,8.25,432000,19750,44348,0.005783583811898988,79272,635920,32.19848101265823,0.9566582278481013,1.6223143254173105
35,,all_exclude_self,Omega_center__Twin_target,Omega,Twin,8.5,9.0,8.75,432000,19750,44348,0.005783583811898988,62001,697921,35.33777215189873,0.96,1.1280294212493143
35,,all_exclude_self,Omega_center__Twin_target,Omega,Twin,9.0,9.5,9.25,432000,19750,44348,0.005783583811898988,81804,779725,39.47974683544304,0.9629367088607594,1.3318071456025091
35,,all_exclude_self,Omega_center__Twin_target,Omega,Twin,9.5,10.0,9.75,432000,19750,44348,0.005783583811898988,145984,925709,46.8713417721519,0.9671392405063292,2.139226939642042
35,,all_exclude_self,Twin_center__Omega_target,Twin,Omega,0.0,0.5,0.25,432000,44348,19750,0.0025756692587040005,0,0,0.0,0.0,0.0
35,,all_exclude_self,Twin_center__Omega_target,Twin,Omega,0.5,1.0,0.75,432000,44348,19750,0.0025756692587040005,0,0,0.0,0.0,0.0
35,,all_exclude_self,Twin_center__Omega_target,Twin,Omega,1.0,1.5,1.25,432000,44348,19750,0.0025756692587040005,0,0,0.0,0.0,0.0
35,,all_exclude_self,Twin_center__Omega_target,Twin,Omega,1.5,2.0,1.75,432000,44348,19750,0.0025756692587040005,0,0,0.0,0.0,0.0
35,,all_exclude_self,Twin_center__Omega_target,Twin,Omega,2.0,2.5,2.25,432000,44348,19750,0.0025756692587040005,118,118,0.0026607738793181204,0.0,0.032343678882788544
35,,all_exclude_self,Twin_center__Omega_target,Twin,Omega,2.5,3.0,2.75,432000,44348,19750,0.0025756692587040005,56941,57059,1.2866194642373951,0.22799224316767386,10.462149988373683
35,,all_exclude_self,Twin_center__Omega_target,Twin,Omega,3.0,3.5,3.25,432000,44348,19750,0.0025756692587040005,33076,90135,2.0324479119689727,0.7704518805808604,4.354582335937138
35,,all_exclude_self,Twin_center__Omega_target,Twin,Omega,3.5,4.0,3.75,432000,44348,19750,0.0025756692587040005,10988,101123,2.2802155677820872,0.7982096148642555,1.0870992356538418
35,,all_exclude_self,Twin_center__Omega_target,Twin,Omega,4.0,4.5,4.25,432000,44348,19750,0.0025756692587040005,15848,116971,2.6375710291332193,0.8178271849914314,1.2211020854096855
35,,all_exclude_self,Twin_center__Omega_target,Twin,Omega,4.5,5.0,4.75,432000,44348,19750,0.0025756692587040005,43320,160291,3.6143907278794987,0.8726661856228015,2.6727380799720555
35,,all_exclude_self,Twin_center__Omega_target,Twin,Omega,5.0,5.5,5.25,432000,44348,19750,0.0025756692587040005,80431,240722,5.428023811671327,0.9359610354469198,4.062868058003879
35,,all_exclude_self,Twin_center__Omega_target,Twin,Omega,5.5,6.0,5.75,432000,44348,19750,0.0025756692587040005,55793,296515,6.686096329034004,0.9668079733020655,2.3497759345590383
35,,all_exclude_self,Twin_center__Omega_target,Twin,Omega,6.0,6.5,6.25,432000,44348,19750,0.0025756692587040005,28276,324791,7.323689907098403,0.9760530350861369,1.0080506976522978
35,,all_exclude_self,Twin_center__Omega_target,Twin,Omega,6.5,7.0,6.75,432000,44348,19750,0.0025756692587040005,39804,364595,8.221227563813475,0.9810814467394245,1.2166807462783353
35,,all_exclude_self,Twin_center__Omega_target,Twin,Omega,7.0,7.5,7.25,432000,44348,19750,0.0025756692587040005,104940,469535,10.58751240191215,0.9908000360782899,2.780666756823305
35,,all_exclude_self,Twin_center__Omega_target,Twin,Omega,7.5,8.0,7.75,432000,44348,19750,0.0025756692587040005,87113,556648,12.551817443853162,0.9953323712456029,2.0201561956028335
35,,all_exclude_self,Twin_center__Omega_target,Twin,Omega,8.0,8.5,8.25,432000,44348,19750,0.0025756692587040005,79272,635920,14.339316316406602,0.9977000090195725,1.6223143254173105
35,,all_exclude_self,Twin_center__Omega_target,Twin,Omega,8.5,9.0,8.75,432000,44348,19750,0.0025756692587040005,62001,697921,15.73737259853883,0.998399025886173,1.1280294212493143
35,,all_exclude_self,Twin_center__Omega_target,Twin,Omega,9.0,9.5,9.25,432000,44348,19750,0.0025756692587040005,81804,779725,17.581965364841707,0.9990529448904122,1.3318071456025091
35,,all_exclude_self,Twin_center__Omega_target,Twin,Omega,9.5,10.0,9.75,432000,44348,19750,0.0025756692587040005,145984,925709,20.873748534319475,0.9996617660322901,2.139226939642042
36,,all_exclude_self,Omega_center__Twin_target,Omega,Twin,0.0,0.5,0.25,432000,19722,44732,0.005832954272233674,0,0,0.0,0.0,0.0
36,,all_exclude_self,Omega_center__Twin_target,Omega,Twin,0.5,1.0,0.75,432000,19722,44732,0.005832954272233674,0,0,0.0,0.0,0.0
36,,all_exclude_self,Omega_center__Twin_target,Omega,Twin,1.0,1.5,1.25,432000,19722,44732,0.005832954272233674,0,0,0.0,0.0,0.0
36,,all_exclude_self,Omega_center__Twin_target,Omega,Twin,1.5,2.0,1.75,432000,19722,44732,0.005832954272233674,0,0,0.0,0.0,0.0
36,,all_exclude_self,Omega_center__Twin_target,Omega,Twin,2.0,2.5,2.25,432000,19722,44732,0.005832954272233674,158,158,0.008011357874454924,0.0,0.04300204441323369
36,,all_exclude_self,Omega_center__Twin_target,Omega,Twin,2.5,3.0,2.75,432000,19722,44732,0.005832954272233674,57835,57993,2.940523273501673,0.44625291552580876,10.551427010502264
36,,all_exclude_self,Omega_center__Twin_target,Omega,Twin,3.0,3.5,3.25,432000,19722,44732,0.005832954272233674,33367,91360,4.632390224115201,0.8540208903762296,4.3618958522933555
36,,all_exclude_self,Omega_center__Twin_target,Omega,Twin,3.5,4.0,3.75,432000,19722,44732,0.005832954272233674,11568,102928,5.218943312037319,0.8601054659770815,1.13640576122049
36,,all_exclude_self,Omega_center__Twin_target,Omega,Twin,4.0,4.5,4.25,432000,19722,44732,0.005832954272233674,16191,119119,6.039904674982253,0.8706013588885508,1.2387275321348266
36,,all_exclude_self,Omega_center__Twin_target,Omega,Twin,4.5,5.0,4.75,432000,19722,44732,0.005832954272233674,43969,163088,8.269343879931041,0.891745259101511,2.69363749682689
36,,all_exclude_self,Omega_center__Twin_target,Omega,Twin,5.0,5.5,5.25,432000,19722,44732,0.005832954272233674,80981,244069,12.375469019369232,0.9169962478450462,4.061785576433376
36,,all_exclude_self,Omega_center__Twin_target,Omega,Twin,5.5,6.0,5.75,432000,19722,44732,0.005832954272233674,57209,301278,15.276239732278674,0.9320555724571544,2.3924105074297395
36,,all_exclude_self,Omega_center__Twin_target,Omega,Twin,6.0,6.5,6.25,432000,19722,44732,0.005832954272233674,28929,330207,16.743078795254032,0.9387486056180915,1.0240529906433926
36,,all_exclude_self,Omega_center__Twin_target,Omega,Twin,6.5,7.0,6.75,432000,19722,44732,0.005832954272233674,41206,371413,18.832420646993207,0.9436162660987729,1.2506476843495495
36,,all_exclude_self,Omega_center__Twin_target,Omega,Twin,7.0,7.5,7.25,432000,19722,44732,0.005832954272233674,104830,476243,24.147804482304025,0.9525403103133556,2.7581512494352594
36,,all_exclude_self,Omega_center__Twin_target,Omega,Twin,7.5,8.0,7.75,432000,19722,44732,0.005832954272233674,87395,563638,28.57915018760775,0.9590812290842714,2.012394739735319
36,,all_exclude_self,Omega_center__Twin_target,Omega,Twin,8.0,8.5,8.25,432000,19722,44732,0.005832954272233674,79726,643364,32.621640807220366,0.9628840888348038,1.620092345926418
36,,all_exclude_self,Omega_center__Twin_target,Omega,Twin,8.5,9.0,8.75,432000,19722,44732,0.005832954272233674,62534,705898,35.792414562417605,0.9660277862285772,1.129698492896561
36,,all_exclude_self,Omega_center__Twin_target,Omega,Twin,9.0,9.5,9.25,432000,19722,44732,0.005832954272233674,82499,788397,39.97550958320657,0.9687658452489606,1.3336445428178996
36,,all_exclude_self,Omega_center__Twin_target,Omega,Twin,9.5,10.0,9.75,432000,19722,44732,0.005832954272233674,144614,933011,47.30813304938647,0.972974343372883,2.104197720727421
36,,all_exclude_self,Twin_center__Omega_target,Twin,Omega,0.0,0.5,0.25,432000,44732,19722,0.002571705359854076,0,0,0.0,0.0,0.0
36,,all_exclude_self,Twin_center__Omega_target,Twin,Omega,0.5,1.0,0.75,432000,44732,19722,0.002571705359854076,0,0,0.0,0.0,0.0
36,,all_exclude_self,Twin_center__Omega_target,Twin,Omega,1.0,1.5,1.25,432000,44732,19722,0.002571705359854076,0,0,0.0,0.0,0.0
36,,all_exclude_self,Twin_center__Omega_target,Twin,Omega,1.5,2.0,1.75,432000,44732,19722,0.002571705359854076,0,0,0.0,0.0,0.0
36,,all_exclude_self,Twin_center__Omega_target,Twin,Omega,2.0,2.5,2.25,432000,44732,19722,0.002571705359854076,158,158,0.003532147008852723,0.0,0.043002044413233693
36,,all_exclude_self,Twin_center__Omega_target,Twin,Omega,2.5,3.0,2.75,432000,44732,19722,0.002571705359854076,57835,57993,1.296454439774658,0.23549137083072522,10.551427010502266
36,,all_exclude_self,Twin_center__Omega_target,Twin,Omega,3.0,3.5,3.25,432000,44732,19722,0.002571705359854076,33367,91360,2.042385764106233,0.7748368058660466,4.361895852293356
36,,all_exclude_self,Twin_center__Omega_target,Twin,Omega,3.5,4.0,3.75,432000,44732,19722,0.002571705359854076,11568,102928,2.3009925780202094,0.8022444782258785,1.13640576122049
36,,all_exclude_self,Twin_center__Omega_target,Twin,Omega,4.0,4.5,4.25,432000,44732,19722,0.002571705359854076,16191,119119,2.6629482249843512,0.8221407493516946,1.2387275321348268
36,,all_exclude_self,Twin_center__Omega_target,Twin,Omega,4.5,5.0,4.75,432000,44732,19722,0.002571705359854076,43969,163088,3.645891084682107,0.8778055977823482,2.6936374968268906
36,,all_exclude_self,Twin_center__Omega_target,Twin,Omega,5.0,5.5,5.25,432000,44732,19722,0.002571705359854076,80981,244069,5.456250558884021,0.9407582938388626,4.061785576433376
36,,all_exclude_self,Twin_center__Omega_target,Twin,Omega,5.5,6.0,5.75,432000,44732,19722,0.002571705359854076,57209,301278,6.735178395779307,0.9710945184655281,2.3924105074297395
36,,all_exclude_self,Twin_center__Omega_target,Twin,Omega,6.0,6.5,6.25,432000,44732,19722,0.002571705359854076,28929,330207,7.381896628811589,0.9796789770186891,1.0240529906433928
36,,all_exclude_self,Twin_center__Omega_target,Twin,Omega,6.5,7.0,6.75,432000,44732,19722,0.002571705359854076,41206,371413,8.303071626576052,0.984373602789949,1.2506476843495495
36,,all_exclude_self,Twin_center__Omega_target,Twin,Omega,7.0,7.5,7.25,432000,44732,19722,0.002571705359854076,104830,476243,10.646584100867388,0.9929357059822945,2.7581512494352602
36,,all_exclude_self,Twin_center__Omega_target,Twin,Omega,7.5,8.0,7.75,432000,44732,19722,0.002571705359854076,87395,563638,12.600330859340069,0.9962442993829921,2.012394739735319
36,,all_exclude_self,Twin_center__Omega_target,Twin,Omega,8.0,8.5,8.25,432000,44732,19722,0.002571705359854076,79726,643364,14.382634355718501,0.9984574801037289,1.620092345926418
36,,all_exclude_self,Twin_center__Omega_target,Twin,Omega,8.5,9.0,8.75,432000,44732,19722,0.002571705359854076,62534,705898,15.780604488956453,0.9989045873200394,1.1296984928965612
36,,all_exclude_self,Twin_center__Omega_target,Twin,Omega,9.0,9.5,9.25,432000,44732,19722,0.002571705359854076,82499,788397,17.62489940087633,0.9993964052579809,1.3336445428178998
36,,all_exclude_self,Twin_center__Omega_target,Twin,Omega,9.5,10.0,9.75,432000,44732,19722,0.002571705359854076,144614,933011,20.857797549852453,0.9998435124742914,2.104197720727421
37,,all_exclude_self,Omega_center__Twin_target,Omega,Twin,0.0,0.5,0.25,432000,19541,43734,0.005702028767265907,0,0,0.0,0.0,0.0
37,,all_exclude_self,Omega_center__Twin_target,Omega,Twin,0.5,1.0,0.75,432000,19541,43734,0.005702028767265907,0,0,0.0,0.0,0.0
37,,all_exclude_self,Omega_center__Twin_target,Omega,Twin,1.0,1.5,1.25,432000,19541,43734,0.005702028767265907,0,0,0.0,0.0,0.0
37,,all_exclude_self,Omega_center__Twin_target,Omega,Twin,1.5,2.0,1.75,432000,19541,43734,0.005702028767265907,0,0,0.0,0.0,0.0
37,,all_exclude_self,Omega_center__Twin_target,Omega,Twin,2.0,2.5,2.25,432000,19541,43734,0.005702028767265907,147,147,0.007522644695767872,0.0,0.04130595700570821
37,,all_exclude_self,Omega_center__Twin_target,Omega,Twin,2.5,3.0,2.75,432000,19541,43734,0.005702028767265907,57000,57147,2.9244665063200452,0.44639475973593984,10.73639923068307
37,,all_exclude_self,Omega_center__Twin_target,Omega,Twin,3.0,3.5,3.25,432000,19541,43734,0.005702028767265907,32462,89609,4.585691622741927,0.8408986234071951,4.381236946567962
37,,all_exclude_self,Omega_center__Twin_target,Omega,Twin,3.5,4.0,3.75,432000,19541,43734,0.005702028767265907,11286,100895,5.163246507343534,0.8477560002046978,1.1446653333635952
37,,all_exclude_self,Omega_center__Twin_target,Omega,Twin,4.0,4.5,4.25,432000,19541,43734,0.005702028767265907,16068,116963,5.985517629599304,0.8602425669105982,1.269191860159594
37,,all_exclude_self,Omega_center__Twin_target,Omega,Twin,4.5,5.0,4.75,432000,19541,43734,0.005702028767265907,43013,159976,8.186684407143954,0.8810705695716698,2.7205432349292904
37,,all_exclude_self,Omega_center__Twin_target,Omega,Twin,5.0,5.5,5.25,432000,19541,43734,0.005702028767265907,79514,239490,12.255769919656109,0.9073230643262883,4.117568156410481
37,,all_exclude_self,Omega_center__Twin_target,Omega,Twin,5.5,6.0,5.75,432000,19541,43734,0.005702028767265907,54987,294477,15.069699605956707,0.9226754004401003,2.3740764942895782
37,,all_exclude_self,Omega_center__Twin_target,Omega,Twin,6.0,6.5,6.25,432000,19541,43734,0.005702028767265907,28546,323023,16.530525561639628,0.9289186837930505,1.043272134513754
37,,all_exclude_self,Omega_center__Twin_target,Omega,Twin,6.5,7.0,6.75,432000,19541,43734,0.005702028767265907,40812,363835,18.61905736656261,0.9328079422752162,1.278868059002534
37,,all_exclude_self,Omega_center__Twin_target,Omega,Twin,7.0,7.5,7.25,432000,19541,43734,0.005702028767265907,101719,465554,23.824471623765415,0.9428381352029067,2.7631083269239154
37,,all_exclude_self,Omega_center__Twin_target,Omega,Twin,7.5,8.0,7.75,432000,19541,43734,0.005702028767265907,85756,551310,28.212988076352286,0.9503607798986746,2.038705242981425
37,,all_exclude_self,Omega_center__Twin_target,Omega,Twin,8.0,8.5,8.25,432000,19541,43734,0.005702028767265907,77544,628854,32.181259915050404,0.9554270508162326,1.6268643113855141
37,,all_exclude_self,Omega_center__Twin_target,Omega,Twin,8.5,9.0,8.75,432000,19541,43734,0.005702028767265907,61587,690441,35.33294099585487,0.9589580881224093,1.1486791204632634
37,,all_exclude_self,Omega_center__Twin_target,Omega,Twin,9.0,9.5,9.25,432000,19541,43734,0.005702028767265907,81735,772176,39.51568497006294,0.9619262064377463,1.3641521514188686
37,,all_exclude_self,Omega_center__Twin_target,Omega,Twin,9.5,10.0,9.75,432000,19541,43734,0.005702028767265907,141442,913618,46.7539020520956,0.9658666393736247,2.124799390789105
37,,all_exclude_self,Twin_center__Omega_target,Twin,Omega,0.0,0.5,0.25,432000,43734,19541,0.0025477510436077897,0,0,0.0,0.0,0.0
37,,all_exclude_self,Twin_center__Omega_target,Twin,Omega,0.5,1.0,0.75,432000,43734,19541,0.0025477510436077897,0,0,0.0,0.0,0.0
37,,all_exclude_self,Twin_center__Omega_target,Twin,Omega,1.0,1.5,1.25,432000,43734,19541,0.0025477510436077897,0,0,0.0,0.0,0.0
37,,all_exclude_self,Twin_center__Omega_target,Twin,Omega,1.5,2.0,1.75,432000,43734,19541,0.0025477510436077897,0,0,0.0,0.0,0.0
37,,all_exclude_self,Twin_center__Omega_target,Twin,Omega,2.0,2.5,2.25,432000,43734,19541,0.0025477510436077897,147,147,0.0033612292495541225,0.0,0.04130595700570821
37,,all_exclude_self,Twin_center__Omega_target,Twin,Omega,2.5,3.0,2.75,432000,43734,19541,0.0025477510436077897,57000,57147,1.3066950198929894,0.2380299080806695,10.73639923068307
37,,all_exclude_self,Twin_center__Omega_target,Twin,Omega,3.0,3.5,3.25,432000,43734,19541,0.0025477510436077897,32462,89609,2.0489550464169755,0.7779988109937348,4.381236946567962
37,,all_exclude_self,Twin_center__Omega_target,Twin,Omega,3.5,4.0,3.75,432000,43734,19541,0.0025477510436077897,11286,100895,2.3070151369643757,0.805254493071752,1.1446653333635952
37,,all_exclude_self,Twin_center__Omega_target,Twin,Omega,4.0,4.5,4.25,432000,43734,19541,0.0025477510436077897,16068,116963,2.67441807289523,0.8271139159464033,1.269191860159594
37,,all_exclude_self,Twin_center__Omega_target,Twin,Omega,4.5,5.0,4.75,432000,43734,19541,0.0025477510436077897,43013,159976,3.6579320437188456,0.8816938766177345,2.7205432349292904
37,,all_exclude_self,Twin_center__Omega_target,Twin,Omega,5.0,5.5,5.25,432000,43734,19541,0.0025477510436077897,79514,239490,5.476059816161339,0.943362143869758,4.117568156410481
37,,all_exclude_self,Twin_center__Omega_target,Twin,Omega,5.5,6.0,5.75,432000,43734,19541,0.0025477510436077897,54987,294477,6.733365345040472,0.9727671834270819,2.3740764942895782
37,,all_exclude_self,Twin_center__Omega_target,Twin,Omega,6.0,6.5,6.25,432000,43734,19541,0.0025477510436077897,28546,323023,7.386084053596744,0.9815704028901998,1.043272134513754
37,,all_exclude_self,Twin_center__Omega_target,Twin,Omega,6.5,7.0,6.75,432000,43734,19541,0.0025477510436077897,40812,363835,8.319271047697443,0.9858233868386153,1.278868059002534
37,,all_exclude_self,Twin_center__Omega_target,Twin,Omega,7.0,7.5,7.25,432000,43734,19541,0.0025477510436077897,101719,465554,10.645127360863402,0.9936662550875749,2.7631083269239154
37,,all_exclude_self,Twin_center__Omega_target,Twin,Omega,7.5,8.0,7.75,432000,43734,19541,0.0025477510436077897,85756,551310,12.605981616133901,0.99700461883203,2.038705242981425
37,,all_exclude_self,Twin_center__Omega_target,Twin,Omega,8.0,8.5,8.25,432000,43734,19541,0.0025477510436077897,77544,628854,14.379064343531349,0.9984680111583665,1.6268643113855141
37,,all_exclude_self,Twin_center__Omega_target,Twin,Omega,8.5,9.0,8.75,432000,43734,19541,0.0025477510436077897,61587,690441,15.787282206063932,0.9991768418164357,1.1486791204632634
37,,all_exclude_self,Twin_center__Omega_target,Twin,Omega,9.0,9.5,9.25,432000,43734,19541,0.0025477510436077897,81735,772176,17.656194265331322,0.9993826313623267,1.3641521514188686
37,,all_exclude_self,Twin_center__Omega_target,Twin,Omega,9.5,10.0,9.75,432000,43734,19541,0.0025477510436077897,141442,913618,20.89033703754516,0.9997484794439109,2.124799390789105
38,,all_exclude_self,Omega_center__Twin_target,Omega,Twin,0.0,0.5,0.25,432000,20113,44186,0.005761346101587052,0,0,0.0,0.0,0.0
38,,all_exclude_self,Omega_center__Twin_target,Omega,Twin,0.5,1.0,0.75,432000,20113,44186,0.005761346101587052,0,0,0.0,0.0,0.0
38,,all_exclude_self,Omega_center__Twin_target,Omega,Twin,1.0,1.5,1.25,432000,20113,44186,0.005761346101587052,0,0,0.0,0.0,0.0
38,,all_exclude_self,Omega_center__Twin_target,Omega,Twin,1.5,2.0,1.75,432000,20113,44186,0.005761346101587052,0,0,0.0,0.0,0.0
38,,all_exclude_self,Omega_center__Twin_target,Omega,Twin,2.0,2.5,2.25,432000,20113,44186,0.005761346101587052,162,162,0.008054492119524685,0.0,0.04377092637774237
38,,all_exclude_self,Omega_center__Twin_target,Omega,Twin,2.5,3.0,2.75,432000,20113,44186,0.005761346101587052,58781,58943,2.9305921543280467,0.4502560532988614,10.64623716103748
38,,all_exclude_self,Omega_center__Twin_target,Omega,Twin,3.0,3.5,3.25,432000,20113,44186,0.005761346101587052,33734,92677,4.607815840501169,0.8423904937105354,4.377888318072928
38,,all_exclude_self,Omega_center__Twin_target,Omega,Twin,3.5,4.0,3.75,432000,20113,44186,0.005761346101587052,12040,104717,5.206433649878188,0.8492517277382787,1.1741953089659256
38,,all_exclude_self,Omega_center__Twin_target,Omega,Twin,4.0,4.5,4.25,432000,20113,44186,0.005761346101587052,16606,121323,6.032068811216626,0.8591955451697907,1.261263589041252
38,,all_exclude_self,Omega_center__Twin_target,Omega,Twin,4.5,5.0,4.75,432000,20113,44186,0.005761346101587052,44183,165506,8.22880723909909,0.8823646397852135,2.687116332946455
38,,all_exclude_self,Omega_center__Twin_target,Omega,Twin,5.0,5.5,5.25,432000,20113,44186,0.005761346101587052,82344,247850,12.322875752001194,0.9099587331576592,4.100195122535114
38,,all_exclude_self,Omega_center__Twin_target,Omega,Twin,5.5,6.0,5.75,432000,20113,44186,0.005761346101587052,57623,305473,15.18783871128126,0.9256699646994481,2.3922464398193792
38,,all_exclude_self,Omega_center__Twin_target,Omega,Twin,6.0,6.5,6.25,432000,20113,44186,0.005761346101587052,29501,334974,16.65460150151643,0.9326803559886641,1.0367271057839957
38,,all_exclude_self,Omega_center__Twin_target,Omega,Twin,6.5,7.0,6.75,432000,20113,44186,0.005761346101587052,42120,377094,18.74876945259285,0.9370556356585293,1.2691168050292394
38,,all_exclude_self,Omega_center__Twin_target,Omega,Twin,7.0,7.5,7.25,432000,20113,44186,0.005761346101587052,104945,482039,23.966539054342963,0.9465519813056232,2.741150945896603
38,,all_exclude_self,Omega_center__Twin_target,Omega,Twin,7.5,8.0,7.75,432000,20113,44186,0.005761346101587052,89301,571340,28.40650325660021,0.9531149008104212,2.041369473844498
38,,all_exclude_self,Omega_center__Twin_target,Omega,Twin,8.0,8.5,8.25,432000,20113,44186,0.005761346101587052,79603,650943,32.36429175160344,0.9573410232188138,1.6058609501737233
38,,all_exclude_self,Omega_center__Twin_target,Omega,Twin,8.5,9.0,8.75,432000,20113,44186,0.005761346101587052,64228,715171,35.55764928155919,0.9602744493611097,1.1518858570290293
38,,all_exclude_self,Omega_center__Twin_target,Omega,Twin,9.0,9.5,9.25,432000,20113,44186,0.005761346101587052,83324,798495,39.7004424998757,0.9623626510217272,1.3372118770928108
38,,all_exclude_self,Omega_center__Twin_target,Omega,Twin,9.5,10.0,9.75,432000,20113,44186,0.005761346101587052,145306,943801,46.92492417839208,0.9662407398200169,2.09893244999999
38,,all_exclude_self,Twin_center__Omega_target,Twin,Omega,0.0,0.5,0.25,432000,44186,20113,0.0026225038279369117,0,0,0.0,0.0,0.0
38,,all_exclude_self,Twin_center__Omega_target,Twin,Omega,0.5,1.0,0.75,432000,44186,20113,0.0026225038279369117,0,0,0.0,0.0,0.0
38,,all_exclude_self,Twin_center__Omega_target,Twin,Omega,1.0,1.5,1.25,432000,44186,20113,0.0026225038279369117,0,0,0.0,0.0,0.0
38,,all_exclude_self,Twin_center__Omega_target,Twin,Omega,1.5,2.0,1.75,432000,44186,20113,0.0026225038279369117,0,0,0.0,0.0,0.0
38,,all_exclude_self,Twin_center__Omega_target,Twin,Omega,2.0,2.5,2.25,432000,44186,20113,0.0026225038279369117,162,162,0.003666319648757525,0.0,0.04377092637774236
38,,all_exclude_self,Twin_center__Omega_target,Twin,Omega,2.5,3.0,2.75,432000,44186,20113,0.0026225038279369117,58781,58943,1.3339745620784864,0.24473815235594984,10.646237161037478
38,,all_exclude_self,Twin_center__Omega_target,Twin,Omega,3.0,3.5,3.25,432000,44186,20113,0.0026225038279369117,33734,92677,2.097429049925316,0.7857918797809261,4.377888318072928
38,,all_exclude_self,Twin_center__Omega_target,Twin,Omega,3.5,4.0,3.75,432000,44186,20113,0.0026225038279369117,12040,104717,2.369913547277418,0.813198750735527,1.1741953089659254
38,,all_exclude_self,Twin_center__Omega_target,Twin,Omega,4.0,4.5,4.25,432000,44186,20113,0.0026225038279369117,16606,121323,2.7457339428778345,0.8320961390485674,1.261263589041252
38,,all_exclude_self,Twin_center__Omega_target,Twin,Omega,4.5,5.0,4.75,432000,44186,20113,0.0026225038279369117,44183,165506,3.7456660480695243,0.8848956683112298,2.6871163329464545
38,,all_exclude_self,Twin_center__Omega_target,Twin,Omega,5.0,5.5,5.25,432000,44186,20113,0.0026225038279369117,82344,247850,5.609242746571312,0.9465215226542344,4.100195122535114
38,,all_exclude_self,Twin_center__Omega_target,Twin,Omega,5.5,6.0,5.75,432000,44186,20113,0.0026225038279369117,57623,305473,6.913343592993256,0.9747204997057891,2.392246439819379
38,,all_exclude_self,Twin_center__Omega_target,Twin,Omega,6.0,6.5,6.25,432000,44186,20113,0.0026225038279369117,29501,334974,7.580998506314217,0.9830262979224189,1.0367271057839957
38,,all_exclude_self,Twin_center__Omega_target,Twin,Omega,6.5,7.0,6.75,432000,44186,20113,0.0026225038279369117,42120,377094,8.534241614991174,0.9868284071877971,1.2691168050292394
38,,all_exclude_self,Twin_center__Omega_target,Twin,Omega,7.0,7.5,7.25,432000,44186,20113,0.0026225038279369117,104945,482039,10.909315167700177,0.9938668356493007,2.7411509458966026
38,,all_exclude_self,Twin_center__Omega_target,Twin,Omega,7.5,8.0,7.75,432000,44186,20113,0.0026225038279369117,89301,571340,12.930339926673607,0.9974426288869778,2.0413694738444974
38,,all_exclude_self,Twin_center__Omega_target,Twin,Omega,8.0,8.5,8.25,432000,44186,20113,0.0026225038279369117,79603,650943,14.731883401982529,0.9983705246005522,1.605860950173723
38,,all_exclude_self,Twin_center__Omega_target,Twin,Omega,8.5,9.0,8.75,432000,44186,20113,0.0026225038279369117,64228,715171,16.185465984701036,0.9988910514642647,1.1518858570290293
38,,all_exclude_self,Twin_center__Omega_target,Twin,Omega,9.0,9.5,9.25,432000,44186,20113,0.0026225038279369117,83324,798495,18.07122165391753,0.9994568415335174,1.3372118770928105
38,,all_exclude_self,Twin_center__Omega_target,Twin,Omega,9.5,10.0,9.75,432000,44186,20113,0.0026225038279369117,145306,943801,21.35972932603087,0.9997057891639886,2.09893244999999
39,,all_exclude_self,Omega_center__Twin_target,Omega,Twin,0.0,0.5,0.25,432000,20074,44114,0.005751968073076906,0,0,0.0,0.0,0.0
39,,all_exclude_self,Omega_center__Twin_target,Omega,Twin,0.5,1.0,0.75,432000,20074,44114,0.005751968073076906,0,0,0.0,0.0,0.0
39,,all_exclude_self,Omega_center__Twin_target,Omega,Twin,1.0,1.5,1.25,432000,20074,44114,0.005751968073076906,0,0,0.0,0.0,0.0
39,,all_exclude_self,Omega_center__Twin_target,Omega,Twin,1.5,2.0,1.75,432000,20074,44114,0.005751968073076906,0,0,0.0,0.0,0.0
39,,all_exclude_self,Omega_center__Twin_target,Omega,Twin,2.0,2.5,2.25,432000,20074,44114,0.005751968073076906,148,148,0.007372720932549566,0.0,0.040131267022642594
39,,all_exclude_self,Omega_center__Twin_target,Omega,Twin,2.5,3.0,2.75,432000,20074,44114,0.005751968073076906,57984,58132,2.8958852246687257,0.4369333466175152,10.539445694200726
39,,all_exclude_self,Omega_center__Twin_target,Omega,Twin,3.0,3.5,3.25,432000,20074,44114,0.005751968073076906,33811,91943,4.580203247982465,0.8390455315333267,4.403573868240939
39,,all_exclude_self,Omega_center__Twin_target,Omega,Twin,3.5,4.0,3.75,432000,20074,44114,0.005751968073076906,11829,103772,5.169472950084686,0.8459699113280861,1.157743411732816
39,,all_exclude_self,Omega_center__Twin_target,Omega,Twin,4.0,4.5,4.25,432000,20074,44114,0.005751968073076906,16603,120375,5.9965627179436085,0.8582743847763276,1.2655456784466632
39,,all_exclude_self,Omega_center__Twin_target,Omega,Twin,4.5,5.0,4.75,432000,20074,44114,0.005751968073076906,43981,164356,8.187506226960247,0.8802929162100229,2.6843973409368074
39,,all_exclude_self,Omega_center__Twin_target,Omega,Twin,5.0,5.5,5.25,432000,20074,44114,0.005751968073076906,82642,246998,12.304373816877552,0.9071435687954568,4.129750516991895
39,,all_exclude_self,Omega_center__Twin_target,Omega,Twin,5.5,6.0,5.75,432000,20074,44114,0.005751968073076906,56414,303412,15.114675699910332,0.9226860615721829,2.3504303078279136
39,,all_exclude_self,Omega_center__Twin_target,Omega,Twin,6.0,6.5,6.25,432000,20074,44114,0.005751968073076906,29452,332864,16.581847165487694,0.9284148649995019,1.0387067172449007
39,,all_exclude_self,Omega_center__Twin_target,Omega,Twin,6.5,7.0,6.75,432000,20074,44114,0.005751968073076906,42260,375124,18.68705788582246,0.9331971704692638,1.2778890756335473
39,,all_exclude_self,Omega_center__Twin_target,Omega,Twin,7.0,7.5,7.25,432000,20074,44114,0.005751968073076906,105635,480759,23.94933745142971,0.942363255952974,2.7690415246942632
39,,all_exclude_self,Omega_center__Twin_target,Omega,Twin,7.5,8.0,7.75,432000,20074,44114,0.005751968073076906,88707,569466,28.368337152535616,0.9487894789279665,2.0350431320091364
39,,all_exclude_self,Omega_center__Twin_target,Omega,Twin,8.0,8.5,8.25,432000,20074,44114,0.005751968073076906,79718,649184,32.339543688353096,0.953173258941915,1.6139323581260738
39,,all_exclude_self,Omega_center__Twin_target,Omega,Twin,8.5,9.0,8.75,432000,20074,44114,0.005751968073076906,63966,713150,35.52605360167381,0.9569094350901663,1.1512898436063856
39,,all_exclude_self,Omega_center__Twin_target,Omega,Twin,9.0,9.5,9.25,432000,20074,44114,0.005751968073076906,83642,796792,39.692736873567796,0.9594500348709774,1.3471158820941351
39,,all_exclude_self,Omega_center__Twin_target,Omega,Twin,9.5,10.0,9.75,432000,20074,44114,0.005751968073076906,145866,942658,46.95915114077912,0.9640828932948092,2.1145571163690686
39,,all_exclude_self,Twin_center__Omega_target,Twin,Omega,0.0,0.5,0.25,432000,44114,20074,0.0026174232012274065,0,0,0.0,0.0,0.0
39,,all_exclude_self,Twin_center__Omega_target,Twin,Omega,0.5,1.0,0.75,432000,44114,20074,0.0026174232012274065,0,0,0.0,0.0,0.0
39,,all_exclude_self,Twin_center__Omega_target,Twin,Omega,1.0,1.5,1.25,432000,44114,20074,0.0026174232012274065,0,0,0.0,0.0,0.0
39,,all_exclude_self,Twin_center__Omega_target,Twin,Omega,1.5,2.0,1.75,432000,44114,20074,0.0026174232012274065,0,0,0.0,0.0,0.0
39,,all_exclude_self,Twin_center__Omega_target,Twin,Omega,2.0,2.5,2.25,432000,44114,20074,0.0026174232012274065,148,148,0.0033549440087047196,0.0,0.040131267022642594
39,,all_exclude_self,Twin_center__Omega_target,Twin,Omega,2.5,3.0,2.75,432000,44114,20074,0.0026174232012274065,57984,58132,1.3177676021217755,0.23820102461803508,10.539445694200728
39,,all_exclude_self,Twin_center__Omega_target,Twin,Omega,3.0,3.5,3.25,432000,44114,20074,0.0026174232012274065,33811,91943,2.084213628326608,0.7875277689622342,4.403573868240939
39,,all_exclude_self,Twin_center__Omega_target,Twin,Omega,3.5,4.0,3.75,432000,44114,20074,0.0026174232012274065,11829,103772,2.352359795076393,0.8163848211452147,1.157743411732816
39,,all_exclude_self,Twin_center__Omega_target,Twin,Omega,4.0,4.5,4.25,432000,44114,20074,0.0026174232012274065,16603,120375,2.728725574647504,0.8367185020628372,1.2655456784466634
39,,all_exclude_self,Twin_center__Omega_target,Twin,Omega,4.5,5.0,4.75,432000,44114,20074,0.0026174232012274065,43981,164356,3.72571065874779,0.887745386951988,2.684397340936808
39,,all_exclude_self,Twin_center__Omega_target,Twin,Omega,5.0,5.5,5.25,432000,44114,20074,0.0026174232012274065,82642,246998,5.599084190959786,0.9487464297048556,4.129750516991895
39,,all_exclude_self,Twin_center__Omega_target,Twin,Omega,5.5,6.0,5.75,432000,44114,20074,0.0026174232012274065,56414,303412,6.877907240331868,0.9766740717232625,2.350430307827914
39,,all_exclude_self,Twin_center__Omega_target,Twin,Omega,6.0,6.5,6.25,432000,44114,20074,0.0026174232012274065,29452,332864,7.545541098064106,0.9845627238518384,1.038706717244901
39,,all_exclude_self,Twin_center__Omega_target,Twin,Omega,6.5,7.0,6.75,432000,44114,20074,0.0026174232012274065,42260,375124,8.5035136237929,0.9878949993199437,1.2778890756335473
39,,all_exclude_self,Twin_center__Omega_target,Twin,Omega,7.0,7.5,7.25,432000,44114,20074,0.0026174232012274065,105635,480759,10.898104910005895,0.9947408985809494,2.7690415246942637
39,,all_exclude_self,Twin_center__Omega_target,Twin,Omega,7.5,8.0,7.75,432000,44114,20074,0.0026174232012274065,88707,569466,12.908963140952986,0.9976878088588657,2.035043132009137
39,,all_exclude_self,Twin_center__Omega_target,Twin,Omega,8.0,8.5,8.25,432000,44114,20074,0.0026174232012274065,79718,649184,14.716053860452464,0.9989345785918302,1.613932358126074
39,,all_exclude_self,Twin_center__Omega_target,Twin,Omega,8.5,9.0,8.75,432000,44114,20074,0.0026174232012274065,63966,713150,16.166069728430884,0.9994106179444168,1.1512898436063856
39,,all_exclude_self,Twin_center__Omega_target,Twin,Omega,9.0,9.5,9.25,432000,44114,20074,0.0026174232012274065,83642,796792,18.062111801242235,0.9996373033504103,1.3471158820941351
39,,all_exclude_self,Twin_center__Omega_target,Twin,Omega,9.5,10.0,9.75,432000,44114,20074,0.0026174232012274065,145866,942658,21.368681144307928,0.9998639887564038,2.1145571163690686
40,,all_exclude_self,Omega_center__Twin_target,Omega,Twin,0.0,0.5,0.25,432000,20282,43360,0.005652738835575348,0,0,0.0,0.0,0.0
40,,all_exclude_self,Omega_center__Twin_target,Omega,Twin,0.5,1.0,0.75,432000,20282,43360,0.005652738835575348,0,0,0.0,0.0,0.0
40,,all_exclude_self,Omega_center__Twin_target,Omega,Twin,1.0,1.5,1.25,432000,20282,43360,0.005652738835575348,0,0,0.0,0.0,0.0
40,,all_exclude_self,Omega_center__Twin_target,Omega,Twin,1.5,2.0,1.75,432000,20282,43360,0.005652738835575348,0,0,0.0,0.0,0.0
40,,all_exclude_self,Omega_center__Twin_target,Omega,Twin,2.0,2.5,2.25,432000,20282,43360,0.005652738835575348,184,184,0.00907208362094468,0.0,0.050248102510548884
40,,all_exclude_self,Omega_center__Twin_target,Omega,Twin,2.5,3.0,2.75,432000,20282,43360,0.005652738835575348,58934,59118,2.91480130164678,0.45000493048022877,10.788379244789652
40,,all_exclude_self,Omega_center__Twin_target,Omega,Twin,3.0,3.5,3.25,432000,20282,43360,0.005652738835575348,33859,92977,4.584212602307465,0.8389212109259442,4.44121793380628
40,,all_exclude_self,Omega_center__Twin_target,Omega,Twin,3.5,4.0,3.75,432000,20282,43360,0.005652738835575348,12338,105315,5.192535252933636,0.8464648456759688,1.2161572683073154
40,,all_exclude_self,Omega_center__Twin_target,Omega,Twin,4.0,4.5,4.25,432000,20282,43360,0.005652738835575348,16767,122082,6.01922887289222,0.8591361798639188,1.287144510680644
40,,all_exclude_self,Omega_center__Twin_target,Omega,Twin,4.5,5.0,4.75,432000,20282,43360,0.005652738835575348,43736,165818,8.17562370574894,0.8814219504979786,2.6884468092307743
40,,all_exclude_self,Omega_center__Twin_target,Omega,Twin,5.0,5.5,5.25,432000,20282,43360,0.005652738835575348,83306,249124,12.283009565131644,0.9103638694408835,4.192566565289158
40,,all_exclude_self,Omega_center__Twin_target,Omega,Twin,5.5,6.0,5.75,432000,20282,43360,0.005652738835575348,56925,306049,15.089685435361405,0.9277684646484567,2.3886043062122537
40,,all_exclude_self,Omega_center__Twin_target,Omega,Twin,6.0,6.5,6.25,432000,20282,43360,0.005652738835575348,29805,335854,16.55921506754758,0.9345725273641653,1.0586391769600152
40,,all_exclude_self,Omega_center__Twin_target,Omega,Twin,6.5,7.0,6.75,432000,20282,43360,0.005652738835575348,42863,378717,18.6725668080071,0.939601617197515,1.3053498280391966
40,,all_exclude_self,Omega_center__Twin_target,Omega,Twin,7.0,7.5,7.25,432000,20282,43360,0.005652738835575348,104419,483136,23.820924958090917,0.9495118824573513,2.7566513951197997
40,,all_exclude_self,Omega_center__Twin_target,Omega,Twin,7.5,8.0,7.75,432000,20282,43360,0.005652738835575348,89163,572299,28.21708904447293,0.9561680307661966,2.0600657707669923
40,,all_exclude_self,Omega_center__Twin_target,Omega,Twin,8.0,8.5,8.25,432000,20282,43360,0.005652738835575348,79007,651306,32.11251355882063,0.9600631101469284,1.6109245246268629
40,,all_exclude_self,Omega_center__Twin_target,Omega,Twin,8.5,9.0,8.75,432000,20282,43360,0.005652738835575348,64847,716153,35.309782072773885,0.9632679222956316,1.1754551314850463
40,,all_exclude_self,Omega_center__Twin_target,Omega,Twin,9.0,9.5,9.25,432000,20282,43360,0.005652738835575348,84034,800187,39.45306182822207,0.965683857607731,1.3630640734339112
40,,all_exclude_self,Omega_center__Twin_target,Omega,Twin,9.5,10.0,9.75,432000,20282,43360,0.005652738835575348,144276,944463,46.56656148308845,0.9700226802090524,2.106396512910724
40,,all_exclude_self,Twin_center__Omega_target,Twin,Omega,0.0,0.5,0.25,432000,43360,20282,0.0026441155226738745,0,0,0.0,0.0,0.0
40,,all_exclude_self,Twin_center__Omega_target,Twin,Omega,0.5,1.0,0.75,432000,43360,20282,0.0026441155226738745,0,0,0.0,0.0,0.0
40,,all_exclude_self,Twin_center__Omega_target,Twin,Omega,1.0,1.5,1.25,432000,43360,20282,0.0026441155226738745,0,0,0.0,0.0,0.0
40,,all_exclude_self,Twin_center__Omega_target,Twin,Omega,1.5,2.0,1.75,432000,43360,20282,0.0026441155226738745,0,0,0.0,0.0,0.0
40,,all_exclude_self,Twin_center__Omega_target,Twin,Omega,2.0,2.5,2.25,432000,43360,20282,0.0026441155226738745,184,184,0.004243542435424354,0.0,0.050248102510548884
40,,all_exclude_self,Twin_center__Omega_target,Twin,Omega,2.5,3.0,2.75,432000,43360,20282,0.0026441155226738745,58934,59118,1.3634225092250922,0.251130073800738,10.788379244789652
40,,all_exclude_self,Twin_center__Omega_target,Twin,Omega,3.0,3.5,3.25,432000,43360,20282,0.0026441155226738745,33859,92977,2.1443035055350554,0.7921125461254612,4.44121793380628
40,,all_exclude_self,Twin_center__Omega_target,Twin,Omega,3.5,4.0,3.75,432000,43360,20282,0.0026441155226738745,12338,105315,2.4288514760147604,0.8203413284132841,1.2161572683073154
40,,all_exclude_self,Twin_center__Omega_target,Twin,Omega,4.0,4.5,4.25,432000,43360,20282,0.0026441155226738745,16767,122082,2.8155442804428046,0.8399215867158671,1.287144510680644
40,,all_exclude_self,Twin_center__Omega_target,Twin,Omega,4.5,5.0,4.75,432000,43360,20282,0.0026441155226738745,43736,165818,3.8242158671586717,0.8902905904059041,2.6884468092307743
40,,all_exclude_self,Twin_center__Omega_target,Twin,Omega,5.0,5.5,5.25,432000,43360,20282,0.0026441155226738745,83306,249124,5.745479704797048,0.948270295202952,4.192566565289158
40,,all_exclude_self,Twin_center__Omega_target,Twin,Omega,5.5,6.0,5.75,432000,43360,20282,0.0026441155226738745,56925,306049,7.058325645756457,0.9749538745387454,2.3886043062122537
40,,all_exclude_self,Twin_center__Omega_target,Twin,Omega,6.0,6.5,6.25,432000,43360,20282,0.0026441155226738745,29805,335854,7.745710332103321,0.9831872693726937,1.0586391769600152
40,,all_exclude_self,Twin_center__Omega_target,Twin,Omega,6.5,7.0,6.75,432000,43360,20282,0.0026441155226738745,42863,378717,8.73424815498155,0.9867619926199263,1.3053498280391966
40,,all_exclude_self,Twin_center__Omega_target,Twin,Omega,7.0,7.5,7.25,432000,43360,20282,0.0026441155226738745,104419,483136,11.142435424354243,0.9939345018450184,2.7566513951197997
40,,all_exclude_self,Twin_center__Omega_target,Twin,Omega,7.5,8.0,7.75,432000,43360,20282,0.0026441155226738745,89163,572299,13.198777675276753,0.9976014760147601,2.0600657707669923
40,,all_exclude_self,Twin_center__Omega_target,Twin,Omega,8.0,8.5,8.25,432000,43360,20282,0.0026441155226738745,79007,651306,15.02089483394834,0.9990544280442805,1.6109245246268629
40,,all_exclude_self,Twin_center__Omega_target,Twin,Omega,8.5,9.0,8.75,432000,43360,20282,0.0026441155226738745,64847,716153,16.51644372693727,0.9995618081180812,1.1754551314850463
40,,all_exclude_self,Twin_center__Omega_target,Twin,Omega,9.0,9.5,9.25,432000,43360,20282,0.0026441155226738745,84034,800187,18.454497232472324,0.9997232472324723,1.3630640734339112
40,,all_exclude_self,Twin_center__Omega_target,Twin,Omega,9.5,10.0,9.75,432000,43360,20282,0.0026441155226738745,144276,944463,21.781895756457565,0.9999538745387454,2.106396512910724
